6|1000000007|0,1,3,4|12:-4,-4,-5,-2,1,-2,1,4,-2,4,4,-5/12:-3,-3,4,5,4,-2,3,4,-2,3,0,2/12:-3,-2,-1,0,-1,-4,1,0,2,5,3,0/12:0,0,-1,-2,1,2,0,0,0,0,0,0|T:0,1,2,3,4,5
9|91|1,3,6,7,8,8|18:0,0,-8589934599,0,0,0,-3,2,0,-1099511627777,4,-8589934599,0,0,0,8589934589,0,0/18:0,0,0,0,0,0,0,0,2,1,-2,-1,0,0,0,0,0,0/18:0,8589934593,0,0,0,-2,0,0,0,0,0,8589934589,0,0,0,0,-3,0/18:0,2,0,0,0,1,0,0,0,8589934589,0,0,0,0,0,-8589934592,0,0/18:0,0,2,0,0,0,0,0,-8589934592,0,-2,0,0,0,0,5,-8589934591,0/18:0,0,0,0,0,0,0,0,-1,2,1,-2,0,0,0,0,0,0/18:0,-8589934592,0,0,0,0,0,0,-1,0,8589934592,0,0,0,-1,0,0,0/18:0,0,0,1099511627776,1,-2,0,0,0,0,0,0,0,0,0,0,0,0|F:1,3,6,7,8
7|91||14:0,0,0,0,0,0,1,-2,-1,2,0,0,0,0/14:1,-3,0,-2147483646,90,5,4,-3,7,0,0,3,6,0/14:0,0,0,0,0,1,0,0,0,0,0,0,0,-1/14:-1,0,0,0,1,0,0,0,0,0,0,0,0,0/14:-1,-1,0,0,1,1,0,0,0,0,0,0,0,0/14:4294967295,0,0,1073741823,0,0,0,2,0,0,2147483648,2147483645,0,0/14:8,0,0,2147483646,3,1,92,3,0,-2147483648,-5,4294967295,-2147483648,0/14:6,0,0,5,0,4,0,0,97,0,2147483647,0,0,-2147483647/14:97,0,0,6,0,0,0,-4,2147483645,0,2147483648,4294967295,-2147483646,0/14:96,7,-2147483646,-2147483647,91,96,3,92,91,0,98,2147483649,0,-4/14:0,-1,4294967295,0,-2147483648,2147483649,3,0,1,0,-2147483647,2147483648,-2,0/14:0,0,-3,-1,3,1,0,0,0,0,0,0,0,0/14:0,0,0,0,0,0,0,1,0,0,0,0,0,-1/14:2147483647,0,0,-4,0,7,3,5,2147483645,0,-5,0,0,0|F:
7|91||14:0,0,0,0,0,0,1,-2,-1,2,0,0,0,0/14:1,-3,0,-2147483646,90,5,4,-3,7,0,0,3,6,0/14:0,0,0,0,0,1,0,0,0,0,0,0,0,-1/14:-1,0,0,0,1,0,0,0,0,0,0,0,0,0/14:-1,-1,0,0,1,1,0,0,0,0,0,0,0,0/14:4294967295,0,0,1073741823,0,0,0,2,0,0,2147483648,2147483645,0,0/14:8,0,0,2147483646,3,1,92,3,0,-2147483648,-5,4294967295,-2147483648,0/14:6,0,0,5,0,4,0,0,97,0,2147483647,0,0,-2147483647/14:97,0,0,6,0,0,0,-4,2147483645,0,2147483648,4294967295,-2147483646,0/14:96,7,-2147483646,-2147483647,91,96,3,92,91,0,98,2147483649,0,-4/14:0,-1,4294967295,0,-2147483648,2147483649,3,0,1,0,-2147483647,2147483648,-2,0/14:0,0,-3,-1,3,1,0,0,0,0,0,0,0,0/14:0,0,0,0,0,0,0,1,0,0,0,0,0,-1/14:2147483647,0,0,-4,0,7,3,5,2147483645,0,-5,0,0,0/14:0,0,0,0,0,0,0,0,0,0,1,2,0,0|F:
8|7||16:0,-2,0,0,-2147483648,0,8589934589,0,90,0,0,5,92,0,0,2147483647/16:0,-8589934591,-8589934592,0,8589934593,0,0,-4,0,0,0,0,0,0,1099511627776,0/16:0,0,0,0,0,0,0,0,0,0,0,0,3,1,-3,-1/16:1,4,0,0,0,0,0,0,0,0,3,-3,0,0,8589934589,0/16:0,2147483645,0,0,0,8,97,0,0,0,0,0,0,8589934593,-2147483648,0/16:91,0,0,8589934592,0,0,-3,0,0,0,0,-1099511627777,0,0,-8589934591,0/16:8589934592,-1099511627777,91,0,0,0,0,8,-2147483646,-4,0,-2,0,4294967295,0,0/16:0,0,0,96,0,-2147483647,0,0,0,0,2147483648,0,0,0,0,0/16:0,0,90,97,0,2147483649,0,0,0,-2147483646,-3,0,0,-8589934591,0,0/16:-3,2147483646,0,8,0,0,0,8589934592,1073741823,0,0,4294967294,0,91,2147483645,0/16:0,0,0,0,0,-8589934591,0,-2147483648,-3,0,0,4294967294,0,0,0,-2147483648/16:0,0,-2147483648,0,0,97,0,0,-1099511627777,6,8589934589,0,8589934593,8589934593,7,-1/16:0,0,1,0,0,90,0,4294967295,0,-1099511627777,-2,7,-1,0,0,0/16:0,0,8,0,0,2147483647,-8589934599,0,-8589934599,0,0,0,0,0,-3,0/16:1,0,0,97,5,0,-1099511627777,0,0,6,0,0,2147483649,0,0,0/16:0,2,0,0,0,0,-5,4,0,0,2147483649,0,2147483648,96,-1,91/16:0,0,-1,-1,0,0,0,0,0,0,1,1,0,0,0,0/16:0,0,0,0,0,0,0,0,0,0,0,0,0,0,0,0/16:0,0,0,0,0,0,2147483648,0,4294967295,0,0,3,2147483646,0,0,92|T:0,1,2,3,4,5,6,7
2|97|0,1,1|4:0,0,0,0|T:0,1
5|2147483647|0,1|10:3,2,-4,-8589934591,3,-8589934591,3,8589934589,-8589934592,8589934592/10:-2,1099511627776,-8589934591,-8589934592,-8589934592,-8589934592,-3,0,-4,8589934589/10:0,0,0,0,1,2,0,0,-1,-2/10:4,1,8589934593,-5,2,8589934592,-1,3,3,-4/10:-8589934592,-1099511627777,8589934589,2,-5,1099511627776,0,-4,-2,1099511627776/10:0,0,-1,-2,0,0,1,2,0,0/10:3,-4,3,3,-8589934599,8589934589,4,1,8589934589,3/10:1,5,-8589934591,2,1099511627776,8589934589,-5,2,4,-8589934591|T:0,1,2,3,4
1|91|0,0||T:0
12|2147483647|||F:
1|1000000007||2:0,4/2:0,0/2:0,0/2:0,0/2:5,5|T:0
2|91|0,1|4:-8589934599,-8589934592,4,-8589934592/4:-1,2,1,-2/4:-2,-4,1,0|T:0,1
3|91||6:0,0,0,2147483645,0,0/6:0,0,0,0,0,0/6:0,0,0,4294967295,0,0/6:-2,-1,0,0,2,1/6:-1,0,1,0,0,0/6:0,0,1,3,-1,-3|F:
3|91||6:0,0,0,2147483645,0,0/6:0,0,0,0,0,0/6:0,0,0,4294967295,0,0/6:-2,-1,0,0,2,1/6:-1,0,1,0,0,0/6:0,0,1,3,-1,-3/6:0,0,0,0,0,1|F:
9|1000000007|0,1,2,3,4,5,6,7,8|18:4,0,0,0,0,8589934593,-8589934591,1,1,4,0,0,0,-8589934591,1,-2147483647,-5,4294967294/18:0,0,0,0,-1,-3,0,0,0,0,0,0,1,3,0,0,0,0/18:0,-4,0,-8589934592,0,-5,91,0,8589934589,5,0,0,2147483648,6,-8589934599,0,2147483649,-2147483648/18:-8589934592,2,0,0,0,-2147483647,-5,-2147483648,0,0,1,-2147483646,0,8589934592,0,0,5,-1/18:0,98,0,0,-2147483648,-1099511627777,0,0,0,8589934592,-2147483647,0,0,0,1099511627776,2147483645,91,0/18:0,0,0,0,0,0,0,0,-1,-2,0,0,0,0,0,0,1,2|T:0,1,2,3,4,5,6,7,8
3|7||6:2,-3,-2,3,-5,0/6:-2,-1,0,0,2,1/6:-4,2,-3,1,0,5/6:3,-2,0,3,-1,2/6:-1,0,5,-4,0,-3/6:-5,3,3,1,-5,2/6:3,4,-3,4,-4,5|T:0,1,2
3|2147483647|0,0,1,2||T:0,1,2
5|7|0,1,2,3,4|10:0,-4,2147483647,-2147483648,0,-2147483648,97,96,90,0/10:0,1,0,-1,0,0,0,0,0,0/10:-5,-2147483648,91,0,0,91,0,0,0,4294967295/10:0,0,0,0,0,0,1,0,-1,0/10:8,2147483648,0,96,8,0,0,2147483646,0,3/10:4,4294967294,0,0,0,4294967294,0,-1,0,2147483647/10:2147483646,0,0,0,0,-5,3,-2147483648,0,0/10:-1,0,0,3,0,0,92,0,-3,2147483649|T:0,1,2,3,4
12|1000000007|-1|24:0,0,0,0,0,0,0,0,1,0,0,0,0,0,0,0,-1,0,0,0,0,0,0,0/24:-8589934599,0,0,6,1099511627776,4294967295,0,0,0,-3,-8589934592,-4,98,1073741823,-1,0,0,0,0,2147483646,0,0,0,4294967295/24:8589934593,0,-3,0,0,98,0,0,92,0,0,0,4,-5,0,0,7,1,2147483649,2,-2147483647,8589934593,0,0/24:-1,-2,0,0,0,0,0,0,0,0,0,0,0,0,0,0,1,2,0,0,0,0,0,0/24:0,0,0,0,1,2,0,0,0,0,0,0,0,0,0,0,0,0,-1,-2,0,0,0,0/24:0,0,0,0,-1,0,0,0,0,0,0,0,0,0,0,0,1,0,0,0,0,0,0,0/24:0,-8589934592,2147483645,-4,-8589934591,8,0,8589934593,0,1,0,2,7,1099511627776,2,3,8589934592,0,6,-2147483646,-4,0,-2147483648,8|F:-1
12|1000000007|-1|24:0,0,0,0,0,0,0,0,1,0,0,0,0,0,0,0,-1,0,0,0,0,0,0,0/24:-8589934599,0,0,6,1099511627776,4294967295,0,0,0,-3,-8589934592,-4,98,1073741823,-1,0,0,0,0,2147483646,0,0,0,4294967295/24:8589934593,0,-3,0,0,98,0,0,92,0,0,0,4,-5,0,0,7,1,2147483649,2,-2147483647,8589934593,0,0/24:-1,-2,0,0,0,0,0,0,0,0,0,0,0,0,0,0,1,2,0,0,0,0,0,0/24:0,0,0,0,1,2,0,0,0,0,0,0,0,0,0,0,0,0,-1,-2,0,0,0,0/24:0,0,0,0,-1,0,0,0,0,0,0,0,0,0,0,0,1,0,0,0,0,0,0,0/24:0,-8589934592,2147483645,-4,-8589934591,8,0,8589934593,0,1,0,2,7,1099511627776,2,3,8589934592,0,6,-2147483646,-4,0,-2147483648,8/24:0,0,0,0,0,0,1,1,0,0,0,0,0,0,0,0,0,0,0,0,0,0,0,0|F:-1
12|1000000007||24:0,0,3,5,0,1,0,-4,-4,-2,-5,1,0,0,0,0,0,0,0,5,0,0,0,0/24:-4,3,-2,0,-1,-3,4,0,0,0,4,-3,3,-1,0,-1,-4,0,2,0,5,3,0,3/24:-1,0,3,4,0,-2,0,-1,0,-5,0,-4,0,5,1,0,-4,5,0,0,0,-2,0,0/24:2,5,0,0,-4,3,2,4,-1,0,0,2,0,0,1,4,0,2,-1,-1,0,1,-4,0/24:0,0,0,1,0,0,-1,2,3,0,1,3,0,2,4,0,-5,0,-4,3,3,0,-2,0/24:0,0,0,0,0,0,0,0,0,1,0,0,0,-1,0,0,0,0,0,0,0,0,0,0/24:0,0,0,0,0,0,1,0,0,0,0,0,-1,0,0,0,0,0,0,0,0,0,0,0/24:4,-2,4,0,2,4,2,0,5,4,-1,2,-2,-3,-3,-1,0,3,0,5,-4,0,1,-1/24:0,0,0,0,0,0,0,0,1,-2,0,0,0,0,0,0,0,0,0,0,0,0,-1,2/24:0,0,0,0,0,0,0,0,0,0,0,0,0,0,0,0,0,0,0,0,0,0,0,0/24:0,0,0,0,0,0,0,0,0,0,0,1,0,0,0,0,0,0,0,0,0,0,0,-1/24:1,0,0,3,1,0,0,0,0,0,-5,0,5,-3,-2,3,3,5,-1,-5,0,-2,0,5/24:0,-2,2,5,-1,-3,-2,-4,-3,0,2,0,-2,-1,2,-5,0,-4,0,-4,2,0,3,-5|F:
12|1000000007|0,1,2,4,6,7,9,10|24:8589934593,0,1099511627776,-8589934592,0,0,0,0,0,2,-5,-8589934591,0,0,0,0,4,0,0,0,2,1099511627776,0,0/24:-2,-8589934591,0,0,8589934593,0,0,0,0,2,8589934592,0,-4,0,1,0,8589934589,4,-4,-8589934599,0,-5,0,0/24:4,-1099511627777,0,8589934593,5,-8589934599,0,0,0,0,0,0,0,5,0,-1099511627777,-8589934592,-1,5,-5,0,8589934592,0,-1099511627777/24:-8589934599,2,-8589934591,2,1,-2,3,0,3,0,8589934592,-1099511627777,0,0,0,-8589934599,0,0,8589934589,-2,0,0,8589934592,0/24:0,0,0,0,0,0,-1,-3,0,0,0,0,0,0,0,0,0,0,0,0,1,3,0,0/24:8589934592,-1099511627777,-5,-3,0,1099511627776,0,0,0,0,3,3,0,5,0,8589934593,0,0,0,0,0,8589934593,0,0/24:8589934589,5,4,0,-4,-8589934592,0,8589934592,-8589934592,5,5,2,-4,0,0,-8589934591,8589934589,0,-1099511627777,-1,0,1099511627776,0,1/24:0,0,4,0,-1,0,5,0,2,1099511627776,0,5,0,0,0,2,0,0,1,8589934592,-8589934591,4,0,-1/24:0,0,0,0,0,0,0,0,1,0,0,0,0,0,0,0,-1,0,0,0,0,0,0,0/24:0,0,5,0,8589934593,5,-8589934599,0,5,0,0,8589934592,0,5,5,5,-5,-1,-3,-8589934592,1099511627776,0,0,-1099511627777/24:0,8589934593,0,0,1099511627776,0,3,8589934589,0,-5,-2,0,0,2,-3,0,0,1099511627776,1099511627776,0,-8589934592,0,0,0/24:0,-8589934592,0,8589934593,-8589934592,0,1,-5,-5,-8589934591,0,2,-8589934599,0,2,-5,-8589934599,-8589934592,-8589934599,0,8589934593,-1099511627777,0,3/24:0,0,0,0,0,0,0,0,0,0,0,0,0,0,0,0,1,2,-1,-2,0,0,0,0/24:-2,0,5,-2,8589934593,0,-5,1099511627776,1099511627776,-2,8589934593,0,1,0,0,-3,0,3,-4,-4,1099511627776,0,5,0/24:1099511627776,-8589934599,0,0,0,5,-8589934591,0,-8589934591,0,0,0,0,8589934589,0,-8589934591,0,0,0,-4,0,1099511627776,8589934592,5/24:8589934593,0,0,-1099511627777,-8589934591,-8589934591,-3,8589934589,5,1099511627776,0,0,0,8589934593,0,-1099511627777,2,0,8589934589,1,-8589934592,0,8589934592,-4/24:-8589934599,-1,0,-8589934592,8589934589,8589934592,0,4,0,0,8589934593,0,8589934589,-1,8589934589,0,0,-8589934591,1099511627776,-1099511627777,-1099511627777,1099511627776,5,3/24:8589934593,0,-8589934599,0,-8589934592,0,0,-4,0,-8589934599,3,-8589934591,0,1,0,0,-3,0,-3,8589934592,8589934589,-5,-1099511627777,8589934592|T:0,1,2,3,4,5,6,7,8,9,10,11
11|7||22:0,0,0,0,0,0,0,0,-1,-3,0,0,0,0,0,0,1,3,0,0,0,0/22:0,0,2,1,0,0,0,0,0,0,0,0,-2,-1,0,0,0,0,0,0,0,0/22:0,0,0,0,0,0,0,1,0,0,0,0,0,0,0,0,0,-1,0,0,0,0/22:1,-2,0,0,0,0,0,0,0,0,-1,2,0,0,0,0,0,0,0,0,0,0/22:4,-2147483646,0,-1,0,0,0,97,0,0,4294967295,0,0,2147483645,96,0,0,2147483649,4,0,0,-1/22:0,0,0,0,-2147483648,0,0,0,0,0,5,0,0,0,0,97,-3,0,0,0,0,0/22:-2147483647,0,0,0,0,0,91,0,0,0,-5,0,0,0,-2,2,2147483649,-2147483646,2147483648,-2147483648,0,0|F:
3|1000000007|0|6:0,0,0,0,0,0/6:1,0,0,0,-1,0/6:0,2147483647,0,-8589934592,0,0|F:0
3|1000000007|0|6:0,0,0,0,0,0/6:1,0,0,0,-1,0/6:0,2147483647,0,-8589934592,0,0/6:0,0,1,2,0,0|F:0,1
1|7|0||T:0
6|91||12:2,0,0,-5,0,0,0,0,0,0,0,-4/12:0,-8589934592,0,0,0,0,0,4,0,0,0,0/12:0,0,0,0,0,0,1,0,-1,0,0,0/12:0,0,0,0,0,0,0,5,0,0,0,0|F:
6|91||12:2,0,0,-5,0,0,0,0,0,0,0,-4/12:0,-8589934592,0,0,0,0,0,4,0,0,0,0/12:0,0,0,0,0,0,1,0,-1,0,0,0/12:0,0,0,0,0,0,0,5,0,0,0,0/12:0,0,0,0,0,0,1,2,0,0,0,0|F:
7|1000000007|5,5,6|14:-2147483646,2147483645,2147483648,4,3,6,1073741823,2,1073741823,2147483646,0,5,2147483645,2147483645/14:6,4,8,96,1,8,-2147483647,98,8,-2147483648,3,1073741823,-2147483646,92/14:7,3,-3,5,8,4,4294967295,8,1073741823,4294967295,2147483645,-5,97,-2/14:92,-1,91,8,-1,7,-1,7,-4,0,4294967295,4294967295,4,-5/14:4294967295,8,2147483646,90,6,0,2147483649,96,6,-2147483647,-4,91,1073741823,-4/14:92,8,3,8,4294967294,2147483648,1073741823,2147483646,96,3,7,2147483648,2147483647,92/14:3,2147483649,98,92,2147483646,7,96,4294967295,2147483648,-4,90,2147483645,2147483645,2/14:0,0,0,0,0,0,0,0,-1,2,1,-2,0,0/14:6,1,-3,-3,98,2,2147483646,91,98,98,-1,98,-2147483647,4|F:5,6
7|2147483647||14:0,0,0,0,0,0,0,0,0,-4,0,2147483646,0,0/14:0,0,0,0,0,97,0,8589934592,0,0,0,0,0,0/14:0,0,0,0,0,0,0,0,0,0,0,2,0,0/14:0,0,0,0,0,0,0,90,0,0,0,0,0,0/14:5,0,0,0,0,0,0,0,0,0,0,0,0,0/14:0,0,-2,-1,0,0,0,0,0,0,2,1,0,0/14:0,1073741823,0,0,0,0,0,0,2147483647,0,0,0,1,0/14:0,0,0,0,0,0,0,0,0,0,0,0,0,0|F:
2|2147483647|0|4:0,0,0,0/4:1,-2,-1,2/4:0,-3,0,0/4:0,0,0,0/4:0,0,0,0/4:0,0,0,0/4:2,0,-2,0|T:0,1
4|97||8:0,-4,0,0,0,0,1099511627776,0|F:
8|2147483647|0,0|16:0,0,0,0,96,0,0,0,-5,0,0,0,0,0,0,-4/16:0,0,0,-1,0,0,0,1,0,0,0,0,0,0,0,0/16:0,0,0,4294967294,0,0,0,-4,90,0,0,0,0,0,0,0|F:0
3|1000000007|2|6:0,0,0,0,0,0/6:0,4294967295,0,0,0,0/6:0,0,0,0,97,8589934592/6:0,0,0,0,0,0/6:0,0,0,0,0,0/6:1,3,0,0,-1,-3|F:0,2
11|2147483647|1,2,3,4,6,7,8,9,10|22:0,-1,0,-2,0,0,0,0,-4,1,-4,0,-4,-3,2,0,-1,0,-4,1,-3,-4/22:0,0,-2,-2,0,0,-5,0,-4,5,0,-1,-3,-5,5,4,-4,-1,0,0,-3,-1/22:5,-2,0,1,0,5,-2,0,0,2,-5,5,0,-5,2,2,2,-4,-3,0,-5,-4/22:-2,0,-4,2,0,1,1,-2,3,0,-4,2,0,-3,2,0,-1,0,-4,0,-1,-5/22:0,0,0,0,0,0,0,0,0,0,1,2,0,0,-1,-2,0,0,0,0,0,0|T:0,1,2,3,4,5,6,7,8,9,10
5|91|1,2,3,4|10:0,-5,0,-5,3,0,1099511627776,0,2,3/10:-1,0,5,0,2,-3,8589934592,0,-1099511627777,0/10:0,-8589934599,-8589934599,0,-5,0,0,0,8589934589,4|F:1,2,3,4
9|91|0,4,5,6,7,8|18:6,2147483646,90,4294967295,2147483645,3,-3,-4,2147483649,5,-5,5,90,6,8,2,-3,1/18:-1,2,90,1073741823,2147483645,2,6,-4,6,2147483647,2147483649,8,-2147483646,90,5,2147483649,1073741823,0/18:-1,0,0,0,0,0,1,0,0,0,0,0,0,0,0,0,0,0/18:7,1,5,2147483645,2147483647,98,-4,3,-3,-4,3,98,5,-1,7,96,-1,2147483647/18:2,-3,-2,-1,90,2147483648,2,97,-2147483648,-5,-2147483648,97,2,-2147483647,-2147483646,-4,91,-2147483647/18:90,1,1,1073741823,-1,2,5,90,90,4,-2147483647,-4,5,-4,2,7,2,1|F:0,4,5,6,7,8
7|7||14:0,0,0,0,0,0,0,0,-1,-1,0,0,1,1/14:-3,0,2147483647,0,-2147483646,0,0,0,3,0,0,0,0,0/14:0,0,0,0,0,0,0,0,-2147483647,0,0,0,0,0/14:0,-8589934591,0,0,0,0,0,92,0,0,2147483646,0,0,0/14:0,-5,0,0,8589934589,0,0,0,0,0,0,0,0,0/14:0,8589934592,-2147483648,0,0,0,0,0,0,5,0,0,0,0/14:0,97,0,0,-8589934592,0,0,97,0,98,0,0,0,0/14:0,0,0,2,0,-4,0,-1,0,1073741823,0,0,0,0/14:0,0,0,0,0,0,0,0,0,0,0,4294967295,0,0/14:0,0,0,0,0,0,0,0,0,0,-1,0,1,0/14:0,0,0,0,0,0,0,0,0,0,0,0,0,0/14:-2147483647,0,0,0,0,0,0,0,0,0,0,0,92,0/14:2,1,0,0,0,0,0,0,0,0,0,0,-2,-1/14:0,0,0,0,0,0,0,0,0,0,0,1073741823,0,0/14:0,0,-5,0,-1,0,0,0,0,0,0,0,0,0|F:0,4,5,6
10|2147483647|0,1,3,5,7,8,9|20:5,-4,4,3,1,2,0,2,0,-2,3,-3,0,0,0,0,0,1,0,4/20:0,0,0,0,0,0,0,0,0,0,3,1,0,0,-3,-1,0,0,0,0/20:0,-5,3,0,2,-1,4,-1,1,5,-1,0,2,1,-2,-3,-2,1,-4,0/20:0,-3,-2,2,0,-4,0,0,-3,0,-5,-5,5,2,-3,0,0,0,1,1/20:-5,0,0,-3,0,0,0,0,4,0,2,4,2,0,0,1,-3,0,0,-3/20:0,5,3,0,0,5,1,0,2,0,0,0,1,-2,0,0,0,0,0,3/20:0,3,-1,0,0,-5,-4,-1,1,0,4,0,-1,0,0,-1,2,0,2,0/20:0,-1,0,0,0,0,0,0,0,0,0,0,0,0,0,1,0,0,0,0/20:-5,4,-4,0,4,-3,0,0,0,0,-3,-2,-2,-5,4,-4,0,2,1,0/20:0,0,2,3,0,0,5,0,-3,0,0,-1,-4,4,0,0,-4,0,4,0/20:0,0,2,-1,0,5,0,5,5,0,4,-1,0,4,-5,-4,3,0,0,-4/20:0,0,0,0,-5,0,-1,4,0,0,0,-3,-2,0,0,-2,0,3,0,0/20:0,4,0,0,-1,1,5,-5,0,0,0,0,0,0,0,3,-3,-4,-4,3|T:0,1,2,3,4,5,6,7,8,9
3|2147483647|0,2|6:0,0,0,8589934593,0,0/6:0,1,0,-1,0,0/6:0,4,8589934592,0,0,0|T:0,1,2
8|97|0,1,2,3,6|16:0,0,-4,0,91,0,2147483646,1073741823,3,0,6,0,0,0,2147483647,1073741823/16:0,1073741823,0,2147483646,0,0,-3,-2147483646,3,0,-2147483647,0,-2,0,0,0/16:0,0,0,2147483649,0,0,0,0,0,90,0,96,0,-2147483648,0,0|F:0,1,2,3,6
8|97|0,1,2,3,6|16:0,0,-4,0,91,0,2147483646,1073741823,3,0,6,0,0,0,2147483647,1073741823/16:0,1073741823,0,2147483646,0,0,-3,-2147483646,3,0,-2147483647,0,-2,0,0,0/16:0,0,0,2147483649,0,0,0,0,0,90,0,96,0,-2147483648,0,0/16:0,0,0,0,0,0,0,0,0,0,0,0,0,1,0,0|F:0,1,2,3,6
11|7|0,1,2,3,5,7,8|22:0,-2147483647,8589934592,-3,0,2147483645,0,98,0,6,2147483645,90,0,2147483648,7,0,0,0,-4,8,97,2/22:0,0,8589934593,0,0,97,-2147483646,0,8589934589,-8589934599,0,0,0,0,0,0,8589934592,0,8589934589,0,0,-2/22:0,0,0,0,0,0,0,0,0,0,0,1,0,0,0,0,0,-1,0,0,0,0/22:0,0,-1,-2,0,0,0,0,0,0,0,0,0,0,1,2,0,0,0,0,0,0|F:0,1,2,3,5,7,8
7|2147483647|0,1,2,3,4,5,6|14:1,0,3,0,2,-5,1,4,0,0,0,1,-4,0/14:0,0,0,-2,0,-4,-5,3,0,-3,3,0,3,1/14:0,0,0,0,0,0,-2,-1,2,1,0,0,0,0/14:-2,2,0,0,1,0,0,0,2,0,-4,0,0,5/14:0,0,0,0,3,2,0,-1,5,4,0,0,0,0/14:-3,0,2,-3,0,0,4,0,3,0,-4,3,4,0/14:0,0,-3,5,-5,0,-4,-4,-1,0,-4,0,0,-1|T:0,1,2,3,4,5,6
12|91||24:0,0,0,0,0,0,0,0,0,0,0,0,3,0,0,4,0,1,0,0,0,0,0,0/24:0,0,0,8589934593,0,0,0,0,0,0,0,0,2,0,0,3,0,4,0,0,-8589934599,0,0,0/24:1099511627776,0,0,0,-2,0,0,0,0,0,0,-2,0,0,2,0,0,-2,-1099511627777,0,-1099511627777,0,0,0/24:1,0,0,0,-8589934599,4,0,0,0,-8589934592,0,0,0,0,1099511627776,0,0,-1099511627777,0,2,3,-3,0,4/24:1,2,0,0,0,0,0,0,0,0,0,0,0,0,0,0,-1,-2,0,0,0,0,0,0/24:0,0,1099511627776,0,-8589934592,0,0,3,0,0,0,0,4,0,0,0,-8589934591,0,0,8589934592,0,0,-3,-3/24:0,0,0,0,-3,0,-8589934592,0,0,0,0,0,8589934592,0,0,0,0,1,0,0,0,0,0,-2/24:1,2,0,0,-1,-2,0,0,0,0,0,0,0,0,0,0,0,0,0,0,0,0,0,0/24:0,0,0,0,4,0,0,2,0,0,0,0,0,0,0,-2,-3,0,3,0,-1099511627777,0,-1099511627777,0|F:
8|91|0,0,1,2,3,6|16:0,0,0,4,0,0,0,4294967294,0,0,0,97,0,0,-2147483646,0/16:0,98,0,0,0,0,0,4294967295,1073741823,0,4294967295,0,0,1,0,0/16:1073741823,0,0,0,0,0,0,8,-2147483647,0,0,0,0,91,-2147483646,0/16:0,0,0,0,0,0,0,0,-1,-3,1,3,0,0,0,0/16:1,0,2147483647,2147483648,98,0,0,8,3,-2147483648,90,0,0,2147483648,-4,0/16:0,98,0,0,0,0,0,2147483646,-2147483646,0,0,-3,0,0,0,0/16:0,0,0,0,0,0,5,91,0,0,0,0,0,0,0,0/16:0,0,0,0,0,0,0,0,0,0,0,0,0,-1,0,1/16:0,0,0,0,4,0,0,6,0,0,0,0,5,0,97,2147483647/16:0,0,0,0,0,0,0,0,-1,0,0,0,0,0,1,0|F:0,1,2,3,6
7|7|0,1,2,3,4,5,6|14:0,0,0,0,1,0,0,0,0,0,-1,0,0,0/14:0,0,-1,-3,0,0,1,3,0,0,0,0,0,0/14:0,1099511627776,0,2,-5,98,0,0,-1,3,0,-3,2,0|T:0,1,2,3,4,5,6
1|7|0,0|2:0,0/2:0,0|T:0
11|7||22:3,0,-8589934592,2,-5,-2,4,4,4,8589934592,1099511627776,-2,-8589934591,0,-5,-8589934591,2,-4,-8589934599,-2,5,-1099511627777/22:0,0,0,0,0,0,0,0,0,0,3,1,0,0,-3,-1,0,0,0,0,0,0/22:0,0,0,0,0,0,0,0,0,0,0,0,0,0,0,0,0,0,-1,2,1,-2/22:-8589934591,8589934593,-4,-1099511627777,-4,-4,-3,2,4,1099511627776,-3,-3,1,-8589934591,8589934589,4,-1,-8589934599,-4,5,-8589934591,3|F:
3|97||6:0,90,0,-2147483646,4,0/6:4294967295,0,2147483646,97,-5,98/6:0,2147483649,90,1,0,92/6:90,0,98,6,0,90/6:-1,-3,1,3,0,0/6:90,0,0,91,0,0/6:0,0,0,0,0,0|T:0,1,2
10|91|0,1,4,5,6,7|20:0,0,0,0,0,0,0,0,0,0,0,0,0,0,0,0,0,0,0,0/20:0,0,0,2147483649,2147483649,0,0,0,4294967295,0,0,0,0,-2147483648,0,0,0,0,0,8589934589/20:8589934593,0,96,0,0,0,0,0,0,0,0,0,0,0,0,1099511627776,0,0,0,0/20:0,0,-1,-2,1,2,0,0,0,0,0,0,0,0,0,0,0,0,0,0|F:0,1,4,5,6,7
10|91|0,1,4,5,6,7|20:0,0,0,0,0,0,0,0,0,0,0,0,0,0,0,0,0,0,0,0/20:0,0,0,2147483649,2147483649,0,0,0,4294967295,0,0,0,0,-2147483648,0,0,0,0,0,8589934589/20:8589934593,0,96,0,0,0,0,0,0,0,0,0,0,0,0,1099511627776,0,0,0,0/20:0,0,-1,-2,1,2,0,0,0,0,0,0,0,0,0,0,0,0,0,0/20:0,0,0,0,0,0,0,0,0,0,0,0,1,2,0,0,0,0,0,0|F:0,1,4,5,6,7
8|97||16:3,0,-3,0,0,-4,0,-5,0,2,4,0,-5,4,-5,2/16:0,-3,5,0,-3,0,0,1,0,-4,4,0,0,-3,2,3/16:0,1,-4,2,0,-4,0,3,3,-5,-2,-4,-3,2,5,0/16:1,0,0,0,0,0,0,0,-1,0,0,0,0,0,0,0/16:1,-3,5,1,3,1,-1,4,-5,-4,2,-4,-2,-3,0,0/16:0,0,0,5,-1,0,0,0,-4,0,4,0,0,0,0,0/16:-3,-1,0,0,0,0,0,0,0,0,3,1,0,0,0,0/16:-1,2,0,0,0,0,0,0,0,0,1,-2,0,0,0,0|F:
6|2147483647||12:-1,-8589934592,8589934592,1,5,1099511627776,-8589934599,3,-2,1099511627776,2,3/12:-4,-1099511627777,-2,-5,3,-3,-1099511627777,1,1099511627776,5,4,-2/12:1099511627776,-2,5,3,2,-4,-8589934591,0,5,2,8589934589,0/12:1099511627776,2,8589934589,1099511627776,-8589934599,8589934592,-8589934592,-5,-1,-4,-1,-2/12:-8589934599,1099511627776,5,8589934592,-8589934591,4,1099511627776,2,-3,8589934592,-2,1099511627776/12:-2,-2,5,-8589934599,-2,-8589934599,3,-1,3,-8589934592,-1,8589934592|F:
6|2147483647||12:-1,-8589934592,8589934592,1,5,1099511627776,-8589934599,3,-2,1099511627776,2,3/12:-4,-1099511627777,-2,-5,3,-3,-1099511627777,1,1099511627776,5,4,-2/12:1099511627776,-2,5,3,2,-4,-8589934591,0,5,2,8589934589,0/12:1099511627776,2,8589934589,1099511627776,-8589934599,8589934592,-8589934592,-5,-1,-4,-1,-2/12:-8589934599,1099511627776,5,8589934592,-8589934591,4,1099511627776,2,-3,8589934592,-2,1099511627776/12:-2,-2,5,-8589934599,-2,-8589934599,3,-1,3,-8589934592,-1,8589934592/12:0,0,0,0,0,0,0,0,1,0,0,0|F:
12|1000000007|3,5,11|24:0,0,0,0,0,0,0,0,0,0,0,1,0,0,7,0,0,0,0,0,7,0,0,0/24:0,0,2,-5,0,0,0,0,0,98,0,0,0,0,0,0,0,0,0,0,0,0,0,0/24:0,0,0,0,0,0,6,0,0,0,0,2147483649,0,0,0,0,0,-2,0,2147483646,0,0,0,7/24:0,0,0,0,0,0,0,0,0,0,0,0,0,0,0,0,0,0,0,0,0,0,2147483647,0/24:0,0,0,0,0,0,0,0,0,2147483648,0,0,0,0,91,0,0,0,0,0,0,-5,0,0/24:0,0,0,0,0,0,0,0,0,0,0,0,0,0,0,0,1,-2,0,0,0,0,-1,2/24:0,0,0,2147483647,4,0,0,0,0,0,0,7,0,0,0,8,96,0,0,0,0,0,0,0/24:0,0,0,0,0,0,0,0,0,-2147483646,0,96,0,0,0,0,0,0,-3,0,0,2147483648,0,0/24:0,0,0,0,0,0,0,0,0,0,0,0,0,0,0,-1,0,1,0,0,0,0,0,0/24:2,0,0,4294967294,0,0,0,0,98,0,0,0,0,0,0,0,0,0,0,0,0,0,0,0|F:3,5,11
6|1000000007|5|12:0,0,0,0,2,1,-2,-1,0,0,0,0/12:0,0,0,0,0,0,1,-2,-1,2,0,0|F:5
12|97||24:0,5,0,0,0,0,0,0,0,-4,0,0,1,0,0,0,0,-4,1,3,0,0,-2,0/24:0,0,0,0,0,3,0,0,0,-2,0,0,0,0,0,0,0,0,-1,0,0,0,0,0/24:0,0,0,0,0,0,0,-4,3,-5,0,4,-5,0,0,0,4,0,0,0,0,0,-1,0/24:0,0,0,0,0,0,0,0,2,1,-2,-1,0,0,0,0,0,0,0,0,0,0,0,0/24:0,0,0,0,0,0,0,0,0,0,0,0,-1,-3,0,0,0,0,1,3,0,0,0,0/24:0,0,0,0,0,0,0,0,0,0,0,0,0,0,0,0,0,0,0,0,0,0,0,0/24:0,4,0,0,0,0,0,0,0,0,5,0,0,0,0,0,0,4,0,0,0,0,0,1/24:-1,0,0,0,5,0,0,2,0,2,-1,2,0,-3,0,0,0,0,0,-5,0,0,0,0/24:0,0,0,0,-3,-1,0,0,3,1,0,0,0,0,0,0,0,0,0,0,0,0,0,0/24:0,0,0,0,0,0,0,0,-4,-4,0,0,0,0,0,-3,0,-3,0,2,0,2,-5,-1/24:0,4,-4,0,0,5,-2,0,0,0,0,-5,3,0,-5,0,0,1,-3,-4,3,0,2,0/24:0,0,-1,0,0,0,0,-4,0,0,-4,-5,0,0,0,0,0,-5,0,3,4,0,0,0/24:0,0,0,0,0,0,0,0,0,0,0,0,1,0,0,0,-1,0,0,0,0,0,0,0/24:-2,-5,-4,1,0,0,0,0,4,0,5,0,0,0,0,4,0,0,-3,3,3,0,0,0|F:
12|97||24:0,5,0,0,0,0,0,0,0,-4,0,0,1,0,0,0,0,-4,1,3,0,0,-2,0/24:0,0,0,0,0,3,0,0,0,-2,0,0,0,0,0,0,0,0,-1,0,0,0,0,0/24:0,0,0,0,0,0,0,-4,3,-5,0,4,-5,0,0,0,4,0,0,0,0,0,-1,0/24:0,0,0,0,0,0,0,0,2,1,-2,-1,0,0,0,0,0,0,0,0,0,0,0,0/24:0,0,0,0,0,0,0,0,0,0,0,0,-1,-3,0,0,0,0,1,3,0,0,0,0/24:0,0,0,0,0,0,0,0,0,0,0,0,0,0,0,0,0,0,0,0,0,0,0,0/24:0,4,0,0,0,0,0,0,0,0,5,0,0,0,0,0,0,4,0,0,0,0,0,1/24:-1,0,0,0,5,0,0,2,0,2,-1,2,0,-3,0,0,0,0,0,-5,0,0,0,0/24:0,0,0,0,-3,-1,0,0,3,1,0,0,0,0,0,0,0,0,0,0,0,0,0,0/24:0,0,0,0,0,0,0,0,-4,-4,0,0,0,0,0,-3,0,-3,0,2,0,2,-5,-1/24:0,4,-4,0,0,5,-2,0,0,0,0,-5,3,0,-5,0,0,1,-3,-4,3,0,2,0/24:0,0,-1,0,0,0,0,-4,0,0,-4,-5,0,0,0,0,0,-5,0,3,4,0,0,0/24:0,0,0,0,0,0,0,0,0,0,0,0,1,0,0,0,-1,0,0,0,0,0,0,0/24:-2,-5,-4,1,0,0,0,0,4,0,5,0,0,0,0,4,0,0,-3,3,3,0,0,0/24:0,1,0,0,0,0,0,0,0,0,0,0,0,0,0,0,0,0,0,0,0,0,0,0|F:
7|1000000007|3,4,5|14:0,4,0,0,-3,0,0,4,0,0,0,-8589934592,-3,0/14:1,0,0,0,0,0,0,0,0,-8589934592,8589934592,8589934593,0,0/14:-5,0,0,0,0,-5,0,0,8589934589,-8589934591,0,0,0,-2/14:0,-3,-8589934599,0,-1099511627777,0,-3,0,0,0,0,0,0,0/14:0,0,0,0,0,-1,0,-1099511627777,0,0,0,0,0,0/14:1,1,0,0,0,0,-1,-1,0,0,0,0,0,0/14:0,0,-8589934599,0,0,0,8589934593,4,-2,0,0,0,0,0/14:-8589934592,0,8589934589,0,0,2,-2,0,0,0,1099511627776,0,0,-5/14:0,-1099511627777,0,0,0,0,-8589934592,-1,0,0,2,0,-5,0/14:0,8589934589,-2,0,8589934589,8589934592,0,0,-4,0,0,1,0,0/14:0,0,0,0,1099511627776,0,0,-3,-8589934592,0,0,-1099511627777,0,1099511627776/14:0,-8589934592,0,0,0,0,0,0,0,0,0,5,8589934593,0/14:1099511627776,-4,0,0,0,-8589934591,0,1,0,0,0,0,8589934589,0/14:8589934589,0,0,0,-1,0,0,0,0,0,0,8589934592,0,0/14:0,8589934589,-1,0,0,-8589934592,-8589934592,4,0,1099511627776,0,8589934593,0,0|F:0,2,3,4,5,6
5|91|0,1,2,3,4|10:0,6,5,97,2,2147483648,1073741823,92,96,2147483649|T:0,1,2,3,4
9|1000000007|0,1,3,7,8|18:0,0,0,-1,-1,0,0,0,0,0,0,92,0,0,0,0,0,0/18:0,0,0,0,0,7,98,0,0,0,0,0,0,0,0,-1,0,0/18:0,0,0,0,0,0,0,0,0,0,0,0,0,0,0,0,0,0/18:0,0,0,-8589934592,0,0,0,0,-8589934591,0,5,0,0,0,0,0,0,98/18:0,91,0,0,0,0,2,0,7,0,1073741823,0,0,0,0,0,0,0/18:0,0,0,0,0,0,0,0,0,0,0,0,0,0,0,0,0,0/18:-5,0,0,0,-3,0,0,-2147483648,0,2147483649,0,0,0,0,0,0,4294967295,0/18:0,0,0,0,0,0,0,0,0,0,90,0,0,0,0,0,0,0/18:0,0,0,0,0,0,0,2147483648,0,0,0,0,-8589934599,0,0,4,1099511627776,0/18:0,0,0,0,0,96,8,98,0,0,0,0,0,0,0,4,-2147483648,1073741823/18:0,0,0,0,0,0,0,0,0,0,0,0,0,0,0,0,0,0/18:0,0,0,0,0,0,1,0,0,0,-1,0,0,0,0,0,0,0/18:0,0,0,0,-1099511627777,0,0,0,0,0,0,0,2147483645,0,0,97,0,-5/18:0,0,92,0,0,0,0,0,0,0,0,1099511627776,0,0,0,0,0,0|F:0,1,2,3,4,5,7,8
5|2147483647||10:0,0,-1,0,0,0,0,0,0,0/10:0,0,0,0,0,0,0,0,0,0/10:0,0,0,0,2,0,0,0,-1,0/10:1,-2,0,0,-1,2,0,0,0,0|F:
9|91|3,3|18:0,0,0,0,0,-3,0,0,0,5,0,0,-3,8589934593,1099511627776,8589934592,0,-1/18:0,0,0,0,1099511627776,0,0,4,0,0,0,0,0,-1099511627777,0,0,-8589934592,0/18:0,0,0,0,0,0,0,0,0,0,0,0,0,0,0,0,0,0/18:0,0,0,0,0,0,0,-2,0,0,0,0,0,4,-8589934591,-4,-8589934592,-4/18:0,0,0,8589934593,8589934593,0,0,0,0,0,5,0,0,0,0,0,0,0/18:0,-5,0,0,0,8589934589,0,0,0,0,0,0,0,0,0,0,3,0/18:4,0,4,0,0,0,4,0,0,0,0,0,-8589934599,0,0,0,0,0/18:0,0,-4,5,0,0,0,0,0,5,0,0,1,0,0,3,-8589934591,-5/18:4,0,0,0,0,0,0,0,2,1099511627776,0,0,-3,-3,-1,4,-5,0/18:0,-2,0,1,0,0,0,0,-1,0,8589934592,0,1099511627776,0,0,-4,0,0/18:-1099511627777,0,0,0,0,0,0,0,0,1099511627776,0,-8589934591,4,0,8589934592,8589934589,8589934589,-2/18:0,8589934593,0,0,-1099511627777,4,0,0,0,0,-1,0,0,-3,3,0,0,0/18:0,-4,5,0,-8589934599,0,-3,0,0,0,0,0,0,0,0,-8589934599,-8589934592,0/18:0,0,0,-8589934599,-2,0,4,0,0,8589934589,1,0,8589934593,0,0,0,0,-1099511627777/18:0,0,1099511627776,0,0,-5,0,-8589934599,1099511627776,0,0,-8589934599,-2,0,0,0,0,0/18:0,2,1,0,0,0,-3,-8589934592,0,0,0,0,0,0,5,0,-3,-8589934591/18:0,-1099511627777,0,0,0,0,0,0,0,0,-3,0,0,0,0,0,0,0/18:0,0,0,4,-4,0,0,1099511627776,8589934589,0,0,0,0,0,8589934593,0,0,0/18:1,8589934592,0,-8589934591,0,0,0,0,-1099511627777,5,0,-1099511627777,-8589934599,0,0,0,0,5/18:2,0,0,0,0,2,0,0,-8589934591,0,-8589934592,0,-4,0,-8589934592,0,3,0|F:3
9|91|3|18:0,0,0,0,0,-3,0,0,0,5,0,0,-3,8589934593,1099511627776,8589934592,0,-1/18:0,0,0,0,1099511627776,0,0,4,0,0,0,0,0,-1099511627777,0,0,-8589934592,0/18:0,0,0,0,0,0,0,0,0,0,0,0,0,0,0,0,0,0/18:0,0,0,0,0,0,0,-2,0,0,0,0,0,4,-8589934591,-4,-8589934592,-4/18:0,0,0,8589934593,8589934593,0,0,0,0,0,5,0,0,0,0,0,0,0/18:0,-5,0,0,0,8589934589,0,0,0,0,0,0,0,0,0,0,3,0/18:4,0,4,0,0,0,4,0,0,0,0,0,-8589934599,0,0,0,0,0/18:0,0,-4,5,0,0,0,0,0,5,0,0,1,0,0,3,-8589934591,-5/18:4,0,0,0,0,0,0,0,2,1099511627776,0,0,-3,-3,-1,4,-5,0/18:0,-2,0,1,0,0,0,0,-1,0,8589934592,0,1099511627776,0,0,-4,0,0/18:-1099511627777,0,0,0,0,0,0,0,0,1099511627776,0,-8589934591,4,0,8589934592,8589934589,8589934589,-2/18:0,8589934593,0,0,-1099511627777,4,0,0,0,0,-1,0,0,-3,3,0,0,0/18:0,-4,5,0,-8589934599,0,-3,0,0,0,0,0,0,0,0,-8589934599,-8589934592,0/18:0,0,0,-8589934599,-2,0,4,0,0,8589934589,1,0,8589934593,0,0,0,0,-1099511627777/18:0,0,1099511627776,0,0,-5,0,-8589934599,1099511627776,0,0,-8589934599,-2,0,0,0,0,0/18:0,2,1,0,0,0,-3,-8589934592,0,0,0,0,0,0,5,0,-3,-8589934591/18:0,-1099511627777,0,0,0,0,0,0,0,0,-3,0,0,0,0,0,0,0/18:0,0,0,4,-4,0,0,1099511627776,8589934589,0,0,0,0,0,8589934593,0,0,0/18:1,8589934592,0,-8589934591,0,0,0,0,-1099511627777,5,0,-1099511627777,-8589934599,0,0,0,0,5/18:2,0,0,0,0,2,0,0,-8589934591,0,-8589934592,0,-4,0,-8589934592,0,3,0/18:0,0,0,0,0,0,0,0,0,0,1,0,0,0,0,0,0,0|F:3
4|7|0,1,2,3|8:-1,-1,0,0,0,0,1,1/8:0,3,0,0,0,0,0,-4/8:0,0,2147483649,4294967294,0,0,0,0/8:0,0,0,0,0,7,0,0/8:3,1,0,0,-3,-1,0,0/8:6,0,0,0,0,90,0,0/8:0,90,0,0,0,0,0,0/8:0,0,0,7,3,0,0,-2147483647/8:4294967295,0,0,6,0,-1,0,3/8:-2147483647,0,0,0,0,0,0,0|T:0,1,2,3
11|2147483647|-2,5,6,7|22:0,0,2,0,0,0,0,0,0,0,0,97,0,2147483647,0,0,0,0,0,5,0,0/22:0,0,0,0,0,0,0,0,0,1,0,0,0,0,0,0,0,0,0,-1,0,0/22:0,0,0,0,0,0,91,0,5,0,0,0,0,-8589934599,0,1099511627776,0,0,0,-3,0,0/22:8589934592,0,0,0,0,0,0,0,4294967294,0,4294967294,1073741823,0,0,0,0,0,4,0,0,5,-3/22:-1099511627777,2147483645,0,0,0,0,0,0,0,0,0,0,4294967294,0,0,0,90,1,0,0,0,0/22:0,0,0,0,0,0,96,0,0,-3,0,0,2147483649,0,2147483647,0,6,0,0,0,0,0/22:0,0,0,0,0,0,0,0,0,0,0,0,0,0,0,97,96,6,2147483649,0,0,0/22:97,0,0,91,0,0,0,0,0,0,-8589934592,-3,0,0,0,0,0,0,0,0,0,0/22:-5,0,-1,0,0,0,0,0,0,0,0,0,0,0,0,0,0,0,0,0,0,3/22:0,0,8589934589,96,0,0,0,-5,0,0,-2,0,0,2147483649,0,-2147483647,7,0,0,0,0,0/22:-2147483648,0,0,0,0,0,5,0,0,0,-8589934599,0,-3,0,0,0,0,0,0,-1,0,0/22:-3,0,0,-2,0,0,4,0,-2147483648,0,0,0,0,1073741823,0,0,0,0,0,0,0,0/22:0,0,0,0,2147483648,0,0,0,2,0,0,91,0,8589934592,0,0,0,0,0,0,1073741823,0/22:0,0,0,0,0,0,0,0,0,0,0,0,0,0,-3,-1,0,0,0,0,3,1/22:0,0,0,0,0,0,0,0,0,0,92,7,0,-8589934591,0,2,0,0,0,0,0,2147483647/22:0,0,0,-8589934592,0,0,0,0,0,0,0,0,-2147483646,0,0,0,92,0,0,0,90,0/22:0,0,2147483647,0,0,0,0,0,-3,92,5,0,0,0,0,0,2147483649,4,0,0,-2,0/22:0,-2,4294967294,2147483646,0,0,0,0,0,0,0,-2147483646,0,1,0,0,0,0,0,4294967294,4294967294,0/22:-1,2,0,0,0,0,1,-2,0,0,0,0,0,0,0,0,0,0,0,0,0,0/22:2147483648,-5,0,0,0,0,0,0,0,0,-3,0,0,0,0,0,3,0,0,0,0,0/22:0,0,0,2147483649,0,-1,1073741823,0,0,0,0,4294967294,0,96,0,96,0,0,90,0,0,0/22:0,0,0,0,0,0,0,0,0,0,0,0,0,0,0,0,0,8589934589,0,0,0,0/22:0,0,3,0,0,0,0,0,0,-8589934592,0,0,2147483647,-2147483648,0,0,0,1073741823,0,4,0,0/22:7,0,0,0,8,0,0,0,0,0,0,0,0,8,0,4,0,2147483646,0,0,2147483649,2147483647/22:0,0,0,96,0,0,-5,6,0,0,0,0,0,0,0,0,0,0,0,4,0,0|T:-2,0,1,2,3,4,5,6,7,8,9
5|1000000007|0,2,4|10:0,-1,4,0,1,0,0,0,-4,0/10:-5,-1,-4,-2,0,-2,-5,4,-1,-3/10:0,0,-2,0,3,-3,4,1,-5,-3/10:-1,0,3,0,5,0,0,-4,0,0/10:4,-1,0,0,0,0,2,5,0,-4/10:0,0,0,0,0,0,0,0,0,0/10:0,0,3,1,2,-3,4,0,2,0/10:5,0,1,-2,-5,2,0,-4,4,0/10:0,0,0,0,0,0,0,0,0,0/10:0,0,0,4,0,0,2,3,0,5/10:2,0,-3,0,-4,0,0,0,4,-4/10:0,0,-2,0,3,0,0,0,0,-5|T:0,1,2,3,4
6|1000000007|0,1,2|12:0,0,-1,-3,0,0,0,0,1,3,0,0/12:-8589934599,4,-8589934599,1,3,8589934593,-5,-4,8589934589,-3,-8589934592,8589934593/12:-3,-5,-8589934591,8589934592,8589934589,1099511627776,-1,0,-4,-2,-4,0/12:-1,-1,0,0,0,0,0,0,0,0,1,1/12:1099511627776,-4,8589934589,-1099511627777,8589934589,-8589934592,-8589934591,4,-8589934599,8589934593,-8589934591,4/12:1,-8589934599,2,3,-8589934592,2,-8589934592,0,8589934592,1099511627776,8589934589,3/12:0,0,0,0,-1,-1,0,0,0,0,1,1/12:-8589934599,1099511627776,-1099511627777,-8589934591,5,5,8589934592,8589934589,1,-3,-1099511627777,-4/12:0,0,0,0,0,0,0,0,1,2,-1,-2/12:2,4,8589934589,-4,2,2,1099511627776,8589934589,-3,-8589934592,4,-8589934592/12:-8589934599,4,2,1099511627776,8589934589,1,1,-8589934591,1099511627776,1,5,2/12:1,0,-1,-5,-5,1,-8589934591,8589934593,-1,5,4,-8589934599/12:-1,3,2,2,1099511627776,2,2,8589934592,-1,0,0,-8589934599/12:-1,8589934592,-1099511627777,3,-2,-8589934599,-5,-1,2,1099511627776,-1,1099511627776|T:0,1,2,3,4,5
11|97||22:-4,0,0,2147483647,92,2,-2147483647,-2147483646,2147483647,4294967295,-4,0,0,-1,90,-2,1073741823,3,4294967295,0,0,-2147483648/22:0,0,1073741823,0,-4,0,98,-2147483646,7,0,0,0,0,98,4294967294,97,4,0,0,7,0,0/22:0,-5,4294967294,92,0,2147483647,0,98,5,-2147483647,2,0,2147483647,4294967294,0,0,0,-4,96,2147483646,8,0/22:0,4,0,2147483649,1,7,0,-2,-2147483647,-2147483646,91,-4,3,0,2,0,-3,8,6,0,4294967294,0/22:2147483645,8,-2,92,0,0,0,96,7,0,3,3,3,6,0,2147483647,-5,4294967294,0,0,0,7/22:1073741823,0,0,0,-2,-2,1,0,7,6,0,96,-2147483646,0,2147483647,2147483649,-5,1,2147483648,0,0,0|F:
11|97||22:-4,0,0,2147483647,92,2,-2147483647,-2147483646,2147483647,4294967295,-4,0,0,-1,90,-2,1073741823,3,4294967295,0,0,-2147483648/22:0,0,1073741823,0,-4,0,98,-2147483646,7,0,0,0,0,98,4294967294,97,4,0,0,7,0,0/22:0,-5,4294967294,92,0,2147483647,0,98,5,-2147483647,2,0,2147483647,4294967294,0,0,0,-4,96,2147483646,8,0/22:0,4,0,2147483649,1,7,0,-2,-2147483647,-2147483646,91,-4,3,0,2,0,-3,8,6,0,4294967294,0/22:2147483645,8,-2,92,0,0,0,96,7,0,3,3,3,6,0,2147483647,-5,4294967294,0,0,0,7/22:1073741823,0,0,0,-2,-2,1,0,7,6,0,96,-2147483646,0,2147483647,2147483649,-5,1,2147483648,0,0,0/22:0,0,0,1,0,0,0,0,0,0,0,0,0,0,0,0,0,0,0,0,0,0|F:
11|91|0,1,2,3,5,6,7,8,9,10|22:97,2147483647,-2147483647,0,0,0,1099511627776,8,4,0,2147483647,0,2147483649,0,0,4294967294,8589934592,-1,5,1099511627776,2147483649,91/22:-2147483646,90,0,92,0,-8589934599,-1,-3,0,2,92,-4,2147483645,0,98,0,-2147483647,8589934592,4294967295,8589934589,0,-2147483648/22:8589934593,0,0,2147483646,1099511627776,0,5,1099511627776,7,98,-2,0,0,92,8,-1099511627777,7,0,0,0,2147483647,8589934589/22:0,7,2147483649,91,0,0,2147483645,8589934592,2147483645,-2147483648,0,3,90,0,-8589934591,0,5,92,7,-3,92,2147483648/22:8589934589,96,0,0,0,8589934592,0,0,8589934589,-4,-2147483647,0,0,-1099511627777,0,0,-3,0,8589934589,8589934592,97,0/22:2147483645,-2147483648,0,5,0,0,90,0,0,2,2,0,92,-2147483647,4294967294,0,0,0,92,0,1099511627776,0/22:5,-8589934591,-1099511627777,0,0,4294967295,92,8589934593,0,2147483645,8589934593,7,0,0,0,91,0,-1,90,0,0,-2147483646|F:0,1,2,3,5,6,7,8,9,10
12|91|1,3,6,7,10|24:0,2,0,0,0,0,0,0,0,1,5,0,-3,0,0,-1,0,0,0,0,0,0,-1,0/24:-1,0,0,0,0,0,0,0,0,-5,0,0,-3,2,0,-4,0,0,0,0,5,0,0,0/24:-4,0,0,0,-2,0,0,0,0,0,0,0,0,0,0,0,0,-3,0,1,0,1,0,0/24:0,0,0,-3,0,3,2,3,0,0,0,0,0,0,-2,0,0,0,0,0,0,0,0,0/24:0,0,0,0,0,1,-3,5,0,0,0,0,0,0,-5,0,0,0,0,0,-4,0,0,4/24:3,0,0,0,0,0,-4,0,5,0,0,3,-1,0,0,0,0,-4,0,0,0,-1,0,0/24:5,0,0,0,3,0,0,0,0,0,1,0,5,0,0,0,0,0,0,-3,2,0,0,0/24:0,4,0,0,-1,-1,-1,0,0,0,0,0,-4,0,0,0,0,0,0,-3,-4,0,0,-1/24:0,0,0,4,0,0,0,0,3,0,5,-4,0,0,0,0,0,3,0,0,0,0,2,-4/24:0,0,-4,-2,1,0,4,0,1,0,0,3,0,0,0,0,0,-2,0,-4,4,0,-4,0|F:1,3,6,7,10
9|7|0,1,2,3,4,5,6,7,8,8|18:0,-1099511627777,0,0,0,0,2,5,-1,0,0,0,0,0,-8589934599,0,-8589934599,-8589934599/18:0,-8589934599,-8589934592,0,8589934589,0,3,0,0,0,-4,1,0,0,0,-5,0,0/18:-3,-1,0,0,0,0,1099511627776,0,0,0,0,0,8589934592,0,0,0,0,0/18:0,0,0,0,-8589934599,0,0,-5,0,0,0,0,-8589934599,-5,0,0,0,0/18:0,0,8589934592,-2,0,8589934592,0,-8589934592,0,-5,0,0,0,8589934593,-1,0,0,0/18:0,0,1,0,0,0,0,0,0,0,-1,0,0,0,0,0,0,-4/18:0,0,0,0,0,0,0,0,0,3,0,0,0,0,0,0,8589934589,8589934593/18:0,0,0,0,-5,0,0,0,0,0,0,0,-5,1099511627776,0,0,8589934592,-8589934592/18:1,0,0,0,0,-8589934592,-8589934599,0,0,0,0,8589934592,2,0,0,-5,0,0/18:0,0,0,0,0,0,1,0,0,0,-8589934591,0,0,0,-8589934591,0,0,5/18:0,0,0,0,8589934589,0,-8589934592,4,0,0,0,0,0,0,0,0,-8589934599,3/18:0,0,0,-1099511627777,0,0,0,8589934592,0,-5,0,-8589934599,2,0,1099511627776,3,0,0|T:0,1,2,3,4,5,6,7,8
9|91|0,1,7|18:0,0,0,0,0,0,0,0,0,6,8,0,0,0,0,0,1,0/18:0,0,98,96,0,7,0,0,0,0,0,0,91,0,0,0,0,0/18:0,0,0,0,0,0,0,6,0,2147483645,0,0,0,0,0,0,4294967294,0/18:-2,-2,0,0,0,0,0,0,0,0,0,0,-2,0,0,0,0,0/18:0,0,0,2147483648,2,0,0,0,0,0,0,0,-4,0,0,0,0,0/18:0,90,0,0,0,0,0,5,0,0,2147483647,0,0,0,0,0,0,4/18:0,0,1,-2,0,0,0,0,0,0,0,0,-1,2,0,0,0,0/18:-2,-1,0,0,0,0,0,0,0,0,0,0,0,0,0,0,2,1|F:0,1,7
1|2147483647||2:8589934589,0/2:8589934593,0|F:
10|1000000007|0,5,9|20:-1,-3,0,0,0,0,0,0,0,0,0,0,0,0,0,0,0,0,1,3/20:2,1,1,-3,5,3,-1,5,3,1,5,0,2,-4,1,-2,-2,-1,3,2/20:0,-5,5,5,2,-5,5,0,2,3,-3,-3,-5,-4,0,0,-1,-4,-4,-5/20:-4,-5,3,5,0,1,-4,3,-1,1,-2,3,-3,3,-2,3,-2,1,2,-2|F:0,5,9
10|1000000007|0,5,9|20:-1,-3,0,0,0,0,0,0,0,0,0,0,0,0,0,0,0,0,1,3/20:2,1,1,-3,5,3,-1,5,3,1,5,0,2,-4,1,-2,-2,-1,3,2/20:0,-5,5,5,2,-5,5,0,2,3,-3,-3,-5,-4,0,0,-1,-4,-4,-5/20:-4,-5,3,5,0,1,-4,3,-1,1,-2,3,-3,3,-2,3,-2,1,2,-2/20:0,1,0,0,0,0,0,0,0,0,0,0,0,0,0,0,0,0,0,0|F:0,5,9
11|7|0,1,2,3,4,5,6,7,8,9,10|22:0,0,0,0,0,0,0,0,0,0,0,0,0,0,0,0,0,0,0,0,0,0/22:0,0,0,0,0,8589934592,0,0,0,0,0,0,0,0,0,0,0,0,0,-5,0,0/22:2,0,0,0,0,0,0,0,0,0,0,0,0,0,0,0,0,0,0,0,0,0/22:0,0,0,0,0,0,0,0,0,0,0,0,0,0,0,0,0,0,0,0,0,0/22:0,0,0,0,-1,-3,0,0,0,0,0,0,1,3,0,0,0,0,0,0,0,0/22:8589934589,0,0,0,0,0,0,0,5,4,0,0,-4,0,-8589934599,0,0,0,0,0,0,0/22:0,0,0,0,0,0,0,-2,0,0,0,0,0,0,0,0,-5,0,0,0,0,0/22:0,0,0,0,-5,0,0,0,8589934592,0,0,0,0,0,0,0,0,0,0,0,0,0|T:0,1,2,3,4,5,6,7,8,9,10
2|91|0,1|4:2147483647,5,2147483649,4/4:2147483645,2147483648,0,2147483648|T:0,1
6|2147483647|0,1,2,3,4,5|12:0,0,0,0,0,0,0,0,4294967294,0,0,90/12:0,0,0,0,0,0,0,0,0,0,3,8589934593/12:1,2,0,0,0,0,-1,-2,0,0,0,0/12:0,0,0,0,0,0,0,0,6,0,0,0/12:1,1,-1,-1,0,0,0,0,0,0,0,0/12:0,0,0,91,0,0,0,0,0,0,0,0|T:0,1,2,3,4,5
4|7|2,3|8:0,5,4,1,0,0,0,0/8:0,4,0,0,0,0,0,0/8:2,0,0,4,0,0,0,0/8:0,0,0,0,0,5,0,0/8:0,0,0,5,0,0,0,-4|T:0,1,2,3
7|91|||F:
7|91||14:1,0,0,0,0,0,0,0,0,0,0,0,0,0|F:
4|7|0,1,2,3|8:0,0,0,0,0,0,0,0/8:0,0,0,0,0,0,0,0/8:0,0,0,0,-1,-1,1,1|T:0,1,2,3
7|7|1,2,3,4,5,6|14:96,-8589934591,0,0,96,0,8589934593,0,0,0,0,0,-2,0/14:0,0,0,-2147483646,0,0,0,0,-2,0,0,0,0,0/14:0,0,0,8,2147483648,0,-8589934599,0,0,0,0,8589934589,-2147483646,0|F:1,2,3,4,5,6
9|2147483647|5,6|18:0,0,0,0,5,0,0,0,0,-1,3,0,0,0,0,0,0,0/18:0,0,0,0,0,0,0,0,0,0,0,0,0,0,1,1,-1,-1/18:-1,0,5,0,-5,-2,5,0,0,0,-5,-4,0,0,0,0,-3,3/18:0,5,0,0,0,0,-2,0,0,0,0,-2,3,-5,-4,0,0,1/18:0,0,0,0,0,0,0,0,0,-1,0,0,0,0,0,1,0,0/18:0,0,0,0,-1,2,0,0,0,0,1,-2,0,0,0,0,0,0/18:0,-5,0,0,0,5,-2,0,0,0,0,0,0,0,-2,0,0,0/18:-1,-3,0,0,0,0,0,0,0,0,0,0,0,0,0,0,1,3/18:3,-1,0,0,4,0,0,0,0,4,0,0,0,0,-2,0,-5,0/18:3,0,0,0,0,0,-2,0,-3,0,0,0,0,0,0,0,2,0/18:0,0,0,0,0,0,0,0,0,0,0,-2,0,0,4,0,0,-2/18:-3,-5,-4,5,5,0,-3,0,0,0,0,0,0,5,3,0,0,0/18:0,0,0,0,0,0,0,0,0,0,0,0,-2,0,0,3,0,0|F:0,1,2,4,5,6,7,8
9|91||18:8589934589,0,-4,1099511627776,0,-1099511627777,0,0,-1,0,1099511627776,-4,-2,0,3,8589934593,0,0/18:1,1,0,0,0,0,0,0,0,0,0,0,-1,-1,0,0,0,0/18:8589934589,0,-4,-1,2,0,0,0,-1,0,0,8589934592,8589934593,1099511627776,0,0,0,-1099511627777/18:-4,0,0,1,8589934593,5,0,0,0,1,0,-3,-8589934592,-8589934592,0,-1,0,3/18:8589934589,0,-1099511627777,-8589934599,8589934589,5,0,0,2,0,8589934589,0,2,-1,-8589934591,0,-1,0/18:8589934589,4,0,0,0,0,-8589934599,8589934592,0,3,0,2,3,-5,0,-2,-4,1099511627776/18:0,0,0,8589934589,5,0,0,1,-1099511627777,2,0,0,1099511627776,1099511627776,3,0,-1099511627777,-4/18:-4,-8589934591,0,0,4,-8589934599,8589934589,3,8589934592,0,-8589934591,3,1099511627776,0,0,0,0,0/18:4,0,0,-1099511627777,-5,0,2,0,0,0,0,-1099511627777,-3,0,8589934589,0,4,0/18:5,-3,8589934589,8589934589,-8589934599,8589934589,0,4,2,1,-3,-2,8589934589,0,0,-2,-4,0/18:-5,-1,-8589934599,1,-2,-8589934592,-4,1,0,8589934592,-5,0,-2,0,0,-8589934591,-3,1099511627776/18:0,0,-1099511627777,-8589934591,8589934592,-1,0,0,0,0,4,0,4,-4,0,2,8589934589,-1099511627777/18:2,-2,-2,-1099511627777,0,0,0,0,-8589934591,0,8589934589,-4,-4,8589934593,-8589934591,0,4,0/18:0,-2,0,0,0,-4,-1,-8589934599,0,0,8589934592,-8589934599,0,-8589934599,-8589934591,5,2,-8589934599/18:3,1,0,0,0,0,0,0,0,0,0,0,0,0,-3,-1,0,0/18:1099511627776,2,0,-8589934599,2,-4,8589934593,8589934593,-8589934592,1,0,0,0,1099511627776,1099511627776,5,2,0/18:0,0,0,0,3,1,0,0,0,0,-3,-1,0,0,0,0,0,0|F:
3|97|||F:
3|97||6:0,0,0,1,0,0|F:
1|91|0|2:0,0|T:0
6|2147483647|3,3|12:0,5,0,0,5,0,0,0,0,0,-3,0/12:1,2,0,0,0,0,0,0,-1,-2,0,0/12:0,0,0,0,0,0,0,0,0,0,0,0/12:-1,2,0,0,0,0,0,0,0,0,1,-2/12:0,3,4,4,-2,0,0,0,1,3,0,0/12:0,0,0,0,0,0,0,0,0,1,0,0/12:0,-2,0,2,0,0,0,0,0,0,5,3/12:0,0,0,1,0,0,0,-1,0,0,0,0/12:0,0,0,-3,0,0,-1,1,0,0,0,1/12:0,0,0,0,0,0,0,5,1,0,0,-5/12:0,0,0,0,0,-1,0,0,4,3,0,0/12:0,-4,0,0,0,0,0,0,0,0,0,0|T:0,1,2,3,4,5
8|97|0,1,2,3,4,5,6,7|16:8589934589,-5,0,0,0,4,0,-2,0,5,-8589934599,0,4,0,0,3/16:0,0,0,0,0,0,0,0,0,0,0,0,0,0,0,0/16:4,1,0,3,4,8589934593,-4,-1099511627777,-1,0,-5,0,8589934589,5,0,0/16:0,0,-1099511627777,0,0,0,0,5,0,0,8589934592,-1,0,0,0,0/16:3,0,2,-2,0,8589934593,-8589934592,0,0,-1,0,0,-8589934599,0,-1,0/16:-5,0,8589934593,0,8589934592,0,1099511627776,3,-3,0,0,0,0,0,-1099511627777,8589934592/16:0,0,0,0,-2,-1,0,0,0,0,2,1,0,0,0,0/16:1099511627776,0,0,-8589934591,-1,-5,-1099511627777,-8589934592,3,-5,8589934592,-8589934592,0,0,0,0/16:0,8589934589,0,-4,5,0,-4,-4,-8589934592,0,0,0,-1,2,-3,0/16:0,0,-4,0,0,0,0,0,-8589934592,8589934592,-3,-8589934599,5,0,1099511627776,0/16:0,-8589934592,0,0,0,-1,5,-4,-8589934592,-3,8589934592,0,-8589934591,1099511627776,2,0/16:-8589934591,0,0,0,0,-8589934591,-2,0,0,-5,8589934593,1099511627776,0,3,-8589934591,4/16:0,-1099511627777,-1,-4,-4,0,0,0,5,0,0,-4,-8589934599,2,-3,-3/16:-1,-2,0,0,0,0,0,0,0,0,1,2,0,0,0,0/16:0,0,3,0,-8589934591,0,-1099511627777,1,-3,4,5,-3,5,-2,3,-3/16:0,-8589934599,0,-1,1,2,8589934589,0,-4,-5,-1,8589934589,-8589934591,-8589934591,0,-3/16:0,0,0,0,0,0,1,2,0,0,-1,-2,0,0,0,0/16:3,0,0,0,0,0,-4,-1,-3,0,-1099511627777,-2,8589934589,0,0,-1/16:0,5,-1,-3,0,0,8589934592,0,0,-1,0,0,-8589934591,8589934589,8589934592,8589934592|T:0,1,2,3,4,5,6,7
1|7|0|2:0,91/2:0,0/2:0,2147483646|T:0
10|97|7|20:0,0,0,0,0,-2147483648,-2147483648,2147483649,0,0,0,0,-2147483647,0,0,0,0,1099511627776,0,0/20:0,0,0,8589934592,-5,0,0,-2,0,0,0,0,0,0,0,0,0,0,0,0/20:0,0,0,0,-8589934591,0,0,0,0,0,0,0,-2147483646,0,0,0,0,0,0,0/20:0,1099511627776,0,-8589934592,0,0,0,0,0,0,0,0,0,0,0,2147483645,0,0,0,0/20:0,96,0,0,0,0,2147483645,0,0,8,0,0,0,0,0,0,0,0,0,0/20:0,0,2147483646,0,0,0,0,0,1099511627776,0,8589934592,2,0,0,0,8589934589,0,0,6,0/20:0,0,0,2147483649,0,0,-8589934591,-2147483648,0,2147483645,0,0,0,0,0,0,0,0,0,0/20:0,0,6,-2147483646,0,4294967295,0,0,0,0,0,0,0,0,0,0,0,-4,0,0/20:0,4,0,0,0,0,0,0,0,0,0,0,0,0,0,0,-8589934599,0,0,-8589934592/20:0,0,0,0,0,0,0,0,0,0,0,1,0,0,0,0,0,0,0,-1/20:0,0,0,0,0,0,0,0,91,0,0,0,0,0,0,0,0,0,0,0/20:0,0,0,0,1,3,0,0,0,0,-1,-3,0,0,0,0,0,0,0,0/20:0,0,1,-2,0,0,0,0,0,0,0,0,0,0,0,0,0,0,-1,2/20:0,0,0,0,4294967295,0,0,0,0,0,0,0,0,0,0,0,0,0,0,0/20:0,0,0,0,0,0,0,0,-1,2,1,-2,0,0,0,0,0,0,0,0/20:0,0,7,-2147483647,0,0,0,0,0,0,0,0,0,-2,0,-1099511627777,2147483646,0,0,0|F:7
5|2147483647||10:0,0,3,1,1,0,0,0,-5,4/10:-3,2,0,0,-5,0,2,-5,-2,0/10:0,0,0,0,-1,-1,0,0,1,1/10:0,3,-5,3,0,-3,5,-1,-3,0|F:
1|91||2:0,0/2:0,0/2:0,0/2:0,0/2:0,0|F:
1|91|0||T:0
1|97||2:0,0/2:0,0/2:0,0/2:-2147483646,8589934589/2:0,1099511627776|T:0
7|97||14:0,0,0,0,0,0,0,0,0,0,0,0,0,1/14:0,2,0,-1,0,0,-1,0,0,0,-4,0,0,0/14:0,0,0,0,0,0,0,0,0,0,0,0,0,0/14:0,-5,0,0,0,0,0,0,0,0,0,-4,5,0/14:0,0,0,0,0,0,0,0,0,4,0,0,0,-1/14:0,0,1,2,0,0,0,0,0,0,0,0,-1,-2/14:-4,0,4,0,4,0,0,0,0,0,0,0,0,0/14:0,0,0,0,0,0,0,0,0,0,0,0,0,0/14:0,0,-4,0,0,0,0,5,0,-3,-1,0,0,0/14:0,-4,0,0,0,0,0,0,0,0,0,0,0,-2/14:0,-2,0,0,0,0,0,0,0,3,0,0,0,0|F:
4|97|2,2,3|8:3,1099511627776,-1,8589934592,8589934592,-1,8589934589,-5/8:0,0,0,0,0,0,0,0/8:0,0,2,1,0,0,-2,-1|F:2,3
11|1000000007||22:0,0,0,0,-1,-1,0,0,0,0,0,0,0,0,1,1,0,0,0,0,0,0/22:6,91,0,0,2147483649,0,0,-2147483646,4,1,91,0,0,2147483647,2147483645,90,2147483649,90,2147483645,4294967295,4,0|F:
11|1000000007||22:0,0,0,0,-1,-1,0,0,0,0,0,0,0,0,1,1,0,0,0,0,0,0/22:6,91,0,0,2147483649,0,0,-2147483646,4,1,91,0,0,2147483647,2147483645,90,2147483649,90,2147483645,4294967295,4,0/22:0,0,0,0,0,0,0,0,0,0,0,0,0,0,0,0,0,0,0,1,0,0|F:
3|1000000007||6:0,0,0,2,0,0/6:-3,-1,3,1,0,0/6:0,8589934592,0,0,4,0/6:0,0,0,0,0,0/6:0,0,0,0,0,-8589934592/6:0,0,0,0,0,0|F:
3|1000000007||6:0,0,0,2,0,0/6:-3,-1,3,1,0,0/6:0,8589934592,0,0,4,0/6:0,0,0,0,0,0/6:0,0,0,0,0,-8589934592/6:0,0,0,0,0,0/6:0,0,0,0,0,1|F:
2|2147483647|0|4:4,0,-5,-5/4:1,4,-5,-4/4:4,-1,4,-3/4:-4,2,1,-5/4:0,0,0,0/4:-3,-3,5,3|T:0,1
11|1000000007|3,5,9,10|22:8589934592,-1099511627777,1099511627776,3,5,4,2,-8589934599,5,0,0,8589934589,-8589934599,8589934593,0,8589934593,2,-1,-8589934591,3,3,8589934589/22:4,4,-5,-8589934591,-3,-8589934599,2,-1099511627777,-1,-8589934591,-5,-1,8589934589,-8589934591,8589934589,-5,-5,-8589934592,3,1,0,-2/22:8589934592,-1,-2,-3,-8589934592,-8589934591,-5,0,0,-1,-4,8589934589,2,5,8589934589,0,8589934592,5,5,2,5,-8589934592/22:3,-3,0,1099511627776,8589934593,-3,8589934593,-8589934599,-4,4,1,8589934593,5,-1,-8589934591,-8589934591,3,-8589934599,5,0,2,1099511627776|F:3,5,9,10
4|97|0,1,3|8:0,0,0,0,0,0,0,0/8:0,0,0,0,0,0,0,0/8:0,0,0,0,0,96,0,0/8:-2147483646,0,0,0,0,0,0,-5/8:0,4294967294,0,0,0,0,0,0/8:0,0,3,1073741823,0,0,0,0/8:0,8,0,0,0,0,0,0/8:0,0,0,0,0,0,0,0/8:0,0,0,0,0,0,96,0|F:0,1,3
12|7||24:97,8589934592,7,-1099511627777,-8589934599,1073741823,-5,1099511627776,91,2,2147483645,8589934589,3,-4,-8589934591,92,-8589934592,8589934589,-1099511627777,1,4294967295,-2147483647,2147483649,-1/24:0,0,0,0,0,0,0,0,0,0,0,0,0,0,-2,-1,2,1,0,0,0,0,0,0/24:91,2147483647,8589934593,-5,7,92,4294967295,8589934589,7,2147483646,1099511627776,98,2147483647,8589934592,3,0,-8589934591,-2,-2147483648,-2147483648,8589934593,1,4,-8589934592/24:91,-4,1073741823,1099511627776,2147483647,3,1073741823,97,3,-2147483647,-5,1,7,2147483645,-8589934591,4,7,4,2147483647,8,92,-2147483646,8589934593,1/24:8589934593,-2147483647,8589934593,98,91,2147483648,-8589934592,8589934592,2147483647,3,90,2147483647,-8589934592,1073741823,2,8589934592,2147483647,-8589934592,0,96,-3,4294967295,2147483649,2147483645/24:0,0,0,0,0,0,0,0,0,0,0,-1,0,0,0,0,0,1,0,0,0,0,0,0/24:4,2147483645,92,4294967294,2147483648,-1099511627777,4294967294,2147483645,2147483648,6,97,98,2147483647,5,97,7,96,-1,8589934593,3,-3,-8589934591,2,8589934592/24:0,0,0,0,0,0,0,0,-1,-2,0,0,1,2,0,0,0,0,0,0,0,0,0,0/24:8589934592,91,5,-2,-1,2147483648,91,-4,2,-5,-2147483647,7,4,4294967294,8589934589,4294967294,90,8589934593,1073741823,-8589934599,-3,91,96,7/24:0,0,0,0,0,0,0,0,0,0,0,0,0,0,0,0,0,0,0,0,0,0,0,0/24:2147483649,0,2147483646,2,2,92,4294967295,-8589934592,3,7,8589934593,2147483646,1,-2147483647,1073741823,-2,2147483647,-2147483647,0,4294967294,1099511627776,-5,-8589934592,-2147483647/24:0,0,0,0,0,0,0,0,-1,2,0,0,0,0,1,-2,0,0,0,0,0,0,0,0/24:5,8,92,8589934589,-2,97,3,-8589934591,8589934593,2147483647,-2147483648,98,-1,-1,2147483649,-2147483647,8,6,1073741823,90,8,2147483647,1,5/24:0,0,0,0,0,0,0,0,-1,-3,0,0,1,3,0,0,0,0,0,0,0,0,0,0/24:92,8589934589,2147483646,-1099511627777,91,0,7,-8589934599,8589934589,4,92,2147483646,8589934592,-3,8,3,91,-8589934591,2,97,91,4,7,-2147483647/24:-8589934599,91,1099511627776,8589934592,5,-8589934591,98,90,6,2147483649,8,-2147483648,-1099511627777,4,97,-2,4,2147483645,5,97,-1099511627777,-8589934592,4294967294,-2147483647/24:-4,-2,90,97,8,-2147483646,-1099511627777,-1099511627777,8589934592,91,-8589934599,-3,0,2147483649,3,4294967295,1,-4,-5,2147483647,6,97,7,1/24:6,-5,-1099511627777,-2147483647,-8589934592,92,2147483646,-2147483647,2147483645,2147483649,4,96,-5,-2147483648,2147483646,-2,4294967294,4,-8589934592,-1099511627777,96,-1,6,-1099511627777/24:4,-2147483646,2147483646,2147483648,91,8589934593,4294967295,1,96,-1099511627777,0,-2147483646,2147483649,-8589934599,7,-2147483646,8,2147483646,8,8,98,-8589934599,-2147483648,8589934592/24:5,-8589934599,98,2147483649,-3,2147483646,6,-3,2147483649,2147483648,98,2,8589934593,2147483647,8589934589,-2,-1,96,-3,-8589934591,2147483648,1,2147483646,-8589934592/24:-3,-5,98,-2,4294967294,1099511627776,-2,0,92,2,4,-2147483646,8589934592,91,-1,-4,-8589934591,7,-2147483647,98,-5,5,8589934592,4294967294/24:0,0,0,0,-1,0,0,0,0,0,0,0,0,0,1,0,0,0,0,0,0,0,0,0/24:0,0,0,0,0,0,0,0,1,2,0,0,0,0,-1,-2,0,0,0,0,0,0,0,0/24:98,8589934592,-3,2147483647,8589934589,4294967294,2147483647,97,6,8,4294967294,90,4294967294,96,90,2147483645,4294967295,-8589934599,-5,92,4294967295,-5,91,0/24:5,2147483645,8589934592,2147483646,-4,90,-2,1099511627776,-1099511627777,7,90,0,2,8589934592,91,-8589934599,-8589934592,1073741823,96,96,6,2147483649,-1,7/24:0,0,0,0,0,0,0,0,0,0,1,-2,-1,2,0,0,0,0,0,0,0,0,0,0|T:0,1,2,3,4,5,6,7,8,9,10,11
11|7||22:0,0,1,0,-1,0,0,0,0,0,0,0,0,0,0,0,0,0,0,0,0,0/22:2,3,0,1,-5,3,5,4,0,0,-1,1,0,5,0,-4,-2,5,0,0,0,-2/22:1,-4,1,-2,0,0,0,5,5,-1,-1,0,3,0,3,4,4,-2,0,0,0,0/22:3,0,0,-2,0,-2,0,5,0,0,4,5,0,1,0,-2,1,-4,0,0,3,0/22:0,-5,0,0,0,0,-5,0,2,0,0,-1,5,-3,0,0,0,2,0,-1,0,3/22:0,0,-1,0,0,0,-1,1,-5,-3,0,0,0,0,0,5,0,3,0,0,-5,-2/22:0,-1,1,3,0,0,0,0,0,-2,0,2,-2,-4,-4,0,1,4,3,-1,0,0/22:3,1,0,0,0,0,0,0,0,0,0,0,0,0,0,0,-3,-1,0,0,0,0/22:0,0,0,0,-2,-1,0,0,0,0,0,0,0,0,0,0,0,0,0,0,2,1/22:0,0,0,0,0,0,0,-2,-5,-2,-4,0,0,-2,0,-2,0,1,2,-5,2,0/22:-1,-5,0,-1,0,1,5,5,0,-5,0,-5,0,2,0,0,0,0,0,-1,-2,4/22:0,0,0,0,0,0,1,1,0,0,0,0,0,0,0,0,-1,-1,0,0,0,0/22:0,0,0,0,0,0,0,0,0,0,0,0,0,0,0,0,0,0,0,0,0,0/22:-5,5,-2,0,0,3,0,3,-2,0,1,-1,5,-1,0,0,-5,-4,0,0,-2,3/22:5,1,0,0,-4,0,0,-4,-3,0,3,0,1,0,-5,3,3,0,2,-3,0,0/22:0,0,0,0,0,-2,0,0,4,1,-4,2,1,0,0,-4,0,0,0,-3,0,-3/22:0,0,3,0,-2,3,3,0,0,0,3,0,1,0,-2,0,2,-4,1,0,0,0/22:-1,-2,0,0,0,0,0,0,0,0,0,0,0,0,0,0,0,0,1,2,0,0/22:0,-2,0,2,3,4,-3,-4,0,0,0,1,-3,-2,0,-4,0,0,0,3,1,-1/22:0,0,0,0,0,0,0,0,0,0,0,0,0,0,0,0,3,1,0,0,-3,-1/22:0,0,-3,0,2,-2,5,4,4,0,1,0,1,3,0,0,0,0,2,0,1,0/22:3,2,0,0,0,0,-2,5,1,0,-1,1,0,-1,0,-2,5,5,5,-4,-1,2/22:-1,4,0,-4,3,-1,-3,2,4,0,-3,0,2,-2,0,-1,0,5,2,0,0,0/22:-5,-3,0,1,5,0,-3,0,0,-2,0,-4,0,5,-1,-1,0,-1,1,1,2,4/22:0,0,-1,0,2,0,0,-4,4,-5,0,0,0,-4,3,2,2,0,3,3,-2,-2|T:0,1,2,3,4,5,6,7,8,9,10
1|1000000007||2:-4,0/2:8589934589,0/2:-8589934591,8589934593|T:0
3|91|0,1,2|6:0,0,0,0,0,0/6:1,0,-1,0,0,0/6:0,0,0,0,98,0/6:0,0,0,0,0,0/6:0,0,0,0,0,0/6:1,0,0,0,-1,0/6:0,0,0,0,0,0/6:-2,-1,2,1,0,0|T:0,1,2
10|97|1,2,3,4,6,8,99|20:0,0,0,0,0,0,0,0,0,0,0,0,0,0,0,0,0,0,0,4294967295/20:0,0,-8589934592,0,1,0,0,4,0,0,0,0,0,7,0,0,0,0,0,0/20:0,8589934592,0,0,0,0,1073741823,0,0,0,0,0,0,0,0,0,0,0,-8589934592,0/20:5,0,0,0,0,1,0,0,2147483647,0,0,0,0,0,0,0,0,0,0,0/20:1,0,0,0,0,0,0,0,0,0,0,0,0,0,0,0,-1,0,0,0/20:-4,0,0,0,0,2147483647,0,0,5,0,0,91,0,0,0,0,0,0,0,0/20:0,0,0,0,0,0,0,0,0,0,0,0,0,0,0,0,0,0,0,0/20:0,0,0,0,0,0,0,0,0,0,8589934592,0,0,0,97,0,4294967294,2147483645,0,0/20:0,0,0,0,0,0,0,0,0,0,0,0,0,0,0,0,0,-3,0,0/20:0,0,0,0,0,0,0,0,0,0,0,0,-4,0,0,0,0,4,0,0/20:0,0,0,0,0,0,0,0,0,0,0,2,0,0,0,1099511627776,0,0,0,0/20:0,90,0,-1,0,0,0,2,0,0,0,0,0,91,97,0,0,0,0,0/20:3,1,-3,-1,0,0,0,0,0,0,0,0,0,0,0,0,0,0,0,0/20:0,0,0,0,0,0,-2,-1,0,0,0,0,0,0,0,0,0,0,2,1/20:0,0,0,0,0,0,0,0,0,0,-1,0,0,0,0,0,1,0,0,0/20:0,0,0,0,0,0,-1,2,0,0,1,-2,0,0,0,0,0,0,0,0/20:0,0,0,0,0,0,0,0,0,0,0,0,0,0,0,0,92,0,0,0|T:0,1,2,3,4,5,6,8,9,99
3|1000000007|2,2||F:2
3|1000000007|2|6:1,2,0,0,0,0|F:2
2|97|1|4:5,1099511627776,8589934592,3/4:-8589934591,8589934589,-8589934591,-3|T:0,1
11|91|4,7,9|22:0,0,0,0,0,0,0,0,1,-2,0,0,0,0,0,0,-1,2,0,0,0,0/22:0,3,0,0,1,0,0,0,0,4294967295,0,0,0,0,0,96,0,2147483646,0,0,0,-1/22:0,90,0,0,0,0,3,97,0,0,2147483647,0,0,-4,2147483649,0,0,0,-2,0,1073741823,0/22:-1,-3,0,0,0,0,0,0,0,0,0,0,0,0,1,3,0,0,0,0,0,0/22:0,0,0,0,8,-5,1,97,92,0,5,0,0,0,0,0,2147483645,0,0,0,2,0/22:0,0,0,0,0,2147483648,0,0,0,0,2147483645,2,0,0,0,0,0,-2147483648,0,0,0,0/22:0,0,0,0,0,0,0,0,0,0,-3,-1,0,0,3,1,0,0,0,0,0,0/22:0,0,0,0,0,0,0,0,0,0,0,0,-1,-3,0,0,1,3,0,0,0,0/22:7,-2147483646,92,0,0,92,0,0,-2147483646,4294967295,0,0,1,0,-1,0,0,0,0,0,0,4294967295/22:0,96,0,0,96,4,0,0,7,0,0,0,0,2147483645,0,0,0,90,0,0,97,0/22:2147483649,-2147483647,0,-1,0,0,0,0,0,0,0,91,0,0,0,4294967295,2147483646,0,0,97,0,0/22:0,92,97,-3,0,-3,2147483648,0,98,0,0,-3,0,-2147483647,3,6,0,0,0,5,0,0/22:0,0,-1,-2,1,2,0,0,0,0,0,0,0,0,0,0,0,0,0,0,0,0/22:0,0,3,1,-3,-1,0,0,0,0,0,0,0,0,0,0,0,0,0,0,0,0/22:0,0,6,0,0,0,0,0,0,4,0,-2,-2147483647,0,0,0,0,0,0,4294967294,6,0|F:4,7,9
11|91|4,7,9|22:0,0,0,0,0,0,0,0,1,-2,0,0,0,0,0,0,-1,2,0,0,0,0/22:0,3,0,0,1,0,0,0,0,4294967295,0,0,0,0,0,96,0,2147483646,0,0,0,-1/22:0,90,0,0,0,0,3,97,0,0,2147483647,0,0,-4,2147483649,0,0,0,-2,0,1073741823,0/22:-1,-3,0,0,0,0,0,0,0,0,0,0,0,0,1,3,0,0,0,0,0,0/22:0,0,0,0,8,-5,1,97,92,0,5,0,0,0,0,0,2147483645,0,0,0,2,0/22:0,0,0,0,0,2147483648,0,0,0,0,2147483645,2,0,0,0,0,0,-2147483648,0,0,0,0/22:0,0,0,0,0,0,0,0,0,0,-3,-1,0,0,3,1,0,0,0,0,0,0/22:0,0,0,0,0,0,0,0,0,0,0,0,-1,-3,0,0,1,3,0,0,0,0/22:7,-2147483646,92,0,0,92,0,0,-2147483646,4294967295,0,0,1,0,-1,0,0,0,0,0,0,4294967295/22:0,96,0,0,96,4,0,0,7,0,0,0,0,2147483645,0,0,0,90,0,0,97,0/22:2147483649,-2147483647,0,-1,0,0,0,0,0,0,0,91,0,0,0,4294967295,2147483646,0,0,97,0,0/22:0,92,97,-3,0,-3,2147483648,0,98,0,0,-3,0,-2147483647,3,6,0,0,0,5,0,0/22:0,0,-1,-2,1,2,0,0,0,0,0,0,0,0,0,0,0,0,0,0,0,0/22:0,0,3,1,-3,-1,0,0,0,0,0,0,0,0,0,0,0,0,0,0,0,0/22:0,0,6,0,0,0,0,0,0,4,0,-2,-2147483647,0,0,0,0,0,0,4294967294,6,0/22:0,0,0,0,0,0,0,0,0,0,0,0,0,0,0,0,1,2,0,0,0,0|F:4,7,9
12|1000000007|3,4,5,5,8,9,10,11|24:90,-8589934591,96,2147483649,90,2147483649,-2,2,8589934592,0,0,-8589934592,0,0,-3,-2147483647,0,0,8589934589,0,0,0,0,3/24:0,0,0,0,0,0,0,0,1,0,-1,0,0,0,0,0,0,0,0,0,0,0,0,0/24:0,0,0,0,0,0,0,0,0,0,0,0,0,0,0,0,-1,2,0,0,1,-2,0,0/24:-2147483648,8589934589,0,3,-2147483648,0,0,-1099511627777,0,0,8589934592,0,-8589934592,8589934593,8589934592,4294967295,2,0,-2147483648,0,92,-4,-4,-8589934591/24:0,0,-2,-1,0,0,0,0,0,0,0,0,0,0,0,0,0,0,2,1,0,0,0,0/24:0,0,0,0,0,0,0,0,0,0,0,0,0,0,0,0,0,1,0,0,0,0,0,-1/24:0,0,-1,0,0,0,1,0,0,0,0,0,0,0,0,0,0,0,0,0,0,0,0,0/24:0,0,0,0,-1,0,0,0,0,0,0,0,0,0,0,0,0,0,0,0,0,0,1,0/24:0,-3,0,-8589934599,0,-4,0,0,0,1073741823,0,97,-8589934599,0,0,-8589934591,2147483646,6,92,0,-2,3,0,0/24:0,8,91,0,-8589934591,0,-1099511627777,8589934593,0,-2147483647,0,-2147483647,-1,-1,0,0,96,0,-8589934599,0,0,0,0,4294967294/24:0,0,97,-4,8589934589,8,0,3,-3,0,2147483646,0,0,92,8,91,91,92,1,4294967295,0,0,7,-3/24:0,0,8589934592,2147483645,0,0,-8589934591,-4,0,-5,0,0,1099511627776,1,2147483645,8589934592,97,0,0,0,3,0,98,0/24:0,97,0,2147483646,0,2147483645,0,0,0,0,-8589934592,0,8,97,-1099511627777,-4,2,-8589934592,0,1099511627776,2147483647,4,90,0/24:4294967294,-2147483647,3,0,0,-5,2147483647,98,0,2147483646,-2147483647,0,0,0,2147483649,0,-2,0,0,0,92,0,-8589934599,0/24:0,0,3,2147483645,6,8589934592,98,0,2147483646,5,0,2147483648,-2,2147483647,8,-2147483647,0,-4,0,0,-2147483646,2,5,-4/24:5,-1,-8589934591,0,-1099511627777,0,0,-8589934591,90,2147483648,1073741823,4294967294,-3,0,0,0,5,-5,0,-4,2,0,0,1/24:0,-2147483646,2,0,0,8,1073741823,-8589934591,0,0,0,0,0,0,-2147483646,90,0,4294967295,2147483648,0,-1,0,0,97/24:0,0,-1,8589934592,0,3,4,-3,-5,7,0,0,0,0,0,-3,0,3,0,-2147483648,90,0,7,98/24:0,8,8589934592,-1099511627777,0,8589934589,0,0,0,0,-2147483648,-4,0,2147483648,-8589934591,-1,8,2147483646,90,-8589934591,2147483648,96,97,0/24:0,0,4294967294,91,0,-2147483648,0,-2147483646,5,92,0,0,98,-8589934592,0,2147483646,-8589934591,0,7,-3,2147483649,2147483647,-8589934592,5/24:0,3,8589934589,2147483645,2147483646,0,2147483646,0,-2,0,0,2147483647,4,0,0,0,-4,0,2147483647,0,0,1099511627776,0,-1099511627777/24:0,0,0,0,0,0,0,0,0,0,0,0,0,0,1,2,0,0,0,0,-1,-2,0,0/24:0,0,0,0,0,0,0,0,0,0,0,0,0,0,0,0,1,2,0,0,0,0,-1,-2/24:0,0,98,2147483645,-2,0,0,0,8589934593,7,0,1,90,4294967294,0,1099511627776,8,-3,8589934593,3,4,1073741823,0,2147483649/24:2,0,2147483645,2147483648,2147483647,4294967294,0,-5,4294967295,-4,90,-5,-1099511627777,0,91,0,2147483648,0,-1099511627777,0,2,5,-2147483648,0/24:0,-3,-4,5,0,0,0,98,7,2147483646,-2147483647,1099511627776,0,97,0,96,0,5,0,2,1,-4,2147483646,7/24:0,0,0,0,0,0,0,0,0,0,0,0,0,0,0,0,0,0,0,0,0,0,0,0|T:0,1,2,3,4,5,6,7,8,9,10,11
8|7||16:0,0,0,0,0,0,0,1,0,0,0,0,0,-5,0,-3/16:1,0,-4,3,0,0,-2,0,0,1,0,0,0,0,0,4/16:0,1,0,0,0,0,-5,-4,0,-3,0,3,0,-2,-4,3/16:0,0,-2,0,0,1,-5,0,0,0,0,0,0,-2,0,0/16:2,0,-3,-2,0,0,0,0,0,-2,0,0,4,0,0,4/16:0,-4,0,0,0,0,0,0,0,-2,5,0,3,1,4,0/16:0,0,0,-5,1,0,1,5,0,-2,0,3,0,-2,0,5/16:0,0,0,0,0,0,3,1,0,0,0,0,-3,-1,0,0/16:2,0,0,2,0,0,0,2,0,0,0,0,0,-5,0,-4/16:0,0,0,-5,0,0,5,0,0,0,0,-2,0,-5,0,0/16:3,0,0,4,-2,2,0,0,0,5,0,0,0,0,0,0/16:0,0,-1,-3,0,0,1,3,0,0,0,0,0,0,0,0/16:0,0,0,0,0,0,0,2,0,0,0,1,0,2,0,0/16:-2,-2,0,0,0,0,5,0,0,0,0,1,0,-4,0,2/16:0,0,0,0,0,0,1,-2,-1,2,0,0,0,0,0,0/16:4,0,0,0,0,0,-2,0,0,0,0,0,-5,0,0,0|T:0,1,2,3,4,5,6,7
12|91|||F:
12|91||24:0,0,0,0,0,0,0,0,0,0,1,0,0,0,0,0,0,0,0,0,0,0,0,0|F:
8|91||16:5,-2147483646,7,2,2147483648,4294967294,6,8,0,90,-3,92,6,4,91,-1/16:6,-2,2,2147483648,4294967294,-1,90,-4,-2147483648,92,-3,-2147483648,4,-2147483646,2147483645,-2147483648/16:97,92,-3,2147483649,-2147483646,4294967295,2147483649,-2,2,2147483645,96,-2,5,-1,-3,3/16:-3,2147483648,7,2147483647,-2147483647,1073741823,91,2147483646,6,98,-3,92,-2147483648,-2,-3,4/16:5,98,0,1,-4,2147483645,8,-2147483648,92,4294967294,6,96,91,92,-5,-4/16:91,4294967294,4,4294967294,8,2147483648,-2147483647,98,91,4,2147483648,-4,6,2147483648,-2147483647,2147483646/16:0,0,0,0,-1,0,0,0,0,0,0,0,0,0,1,0/16:6,92,98,3,-2,4294967294,4,91,-2147483647,8,2147483646,-5,-4,2147483648,0,92/16:0,0,0,0,0,0,-1,-1,1,1,0,0,0,0,0,0/16:8,2147483645,7,2147483646,0,-5,98,1073741823,1,98,-2147483647,1,-4,-2147483647,2147483645,7/16:4,2147483646,2,2,98,-2147483646,4294967295,-1,2147483646,5,2147483645,5,96,91,8,-2/16:-5,-2,4294967294,-4,1073741823,2147483649,96,-4,4,6,5,-2147483647,96,97,96,0/16:2,91,1,90,3,97,2147483647,5,2147483647,90,8,7,5,92,-1,2147483648/16:0,0,0,0,0,0,0,0,0,0,0,0,-2,-1,2,1/16:0,0,0,0,0,0,0,0,0,0,0,0,0,0,0,0/16:5,-3,90,3,1073741823,-3,-1,2147483648,-2,2147483645,-2147483646,97,-5,4,91,4294967294/16:0,98,1073741823,-2147483648,91,4294967295,8,-3,0,2147483648,4294967295,2147483649,-4,2147483649,4294967294,-4/16:-2,-1,0,0,0,0,0,0,0,0,0,0,2,1,0,0|F:
11|91||22:4294967295,0,0,0,0,0,7,-3,0,-1,3,0,0,0,4,0,0,0,0,0,0,0/22:-2147483647,0,0,-2147483648,0,0,0,-8589934591,0,-3,0,0,-2147483648,0,0,0,92,0,-8589934599,98,0,0/22:0,0,0,0,0,92,-2147483647,0,2147483645,6,96,92,0,0,8589934592,4,0,0,0,0,0,0/22:0,0,-1099511627777,0,0,0,8,0,4294967295,2147483649,-4,0,0,90,0,0,0,0,0,0,-8589934599,0/22:4294967294,0,0,0,0,0,0,98,3,8589934592,2,0,0,98,0,0,0,1099511627776,0,0,2147483649,-2147483648/22:0,0,0,0,96,-4,0,0,0,0,0,0,0,0,-4,0,8589934589,-2,8589934589,0,0,0/22:90,0,0,7,0,0,2147483646,-1099511627777,0,0,0,0,0,0,0,0,0,1,98,-2,0,0/22:0,0,0,0,0,0,0,0,0,0,0,0,1,3,-1,-3,0,0,0,0,0,0/22:0,0,0,0,0,0,0,0,0,0,-2,-1,2,1,0,0,0,0,0,0,0,0/22:0,0,0,0,0,0,0,0,-5,0,0,0,0,0,8589934593,0,3,8589934592,0,0,0,91/22:0,0,0,0,0,0,0,97,0,0,0,0,96,0,-2,4294967295,0,0,-2147483648,0,0,0/22:0,0,0,0,0,0,0,0,0,0,-1,-3,0,0,0,0,1,3,0,0,0,0/22:0,0,0,0,0,0,0,0,0,0,0,0,0,0,0,0,0,0,0,0,0,0/22:0,0,0,0,0,0,0,0,0,0,-1,2147483645,-4,0,1,0,0,91,4,4294967295,0,0|F:
7|97|3|14:3,-3,0,0,0,0,-4,0,0,0,0,2,0,0/14:0,0,0,2,0,-2,0,0,0,0,5,0,0,0/14:0,0,0,-2,0,3,4,0,0,0,3,0,0,0/14:0,0,0,0,-5,0,0,0,2,0,-3,0,0,0/14:0,-4,0,0,-3,0,-2,0,0,0,0,0,0,0|F:3
8|91|1,2,3,4,6,7|16:0,0,0,0,0,-1099511627777,1099511627776,0,0,0,0,0,0,0,0,0/16:0,0,0,0,0,0,0,0,-8589934591,0,0,0,0,0,0,0/16:0,0,0,0,0,0,0,0,0,0,0,0,0,-8589934599,0,0/16:0,0,0,0,1,-2,0,0,-1,2,0,0,0,0,0,0/16:0,-4,0,0,0,0,0,0,0,0,0,0,0,0,0,0/16:0,0,0,0,0,0,-8589934599,0,0,0,0,0,0,0,0,0/16:1,2,0,0,0,0,0,0,-1,-2,0,0,0,0,0,0/16:0,0,0,1,0,0,0,0,0,0,0,-1,0,0,0,0/16:0,0,0,0,0,0,0,0,8589934589,0,0,0,0,0,0,0/16:0,0,0,0,0,-2,0,0,0,0,8589934593,0,0,0,0,0/16:0,0,-8589934599,0,0,0,0,0,0,0,0,0,0,0,4,3/16:0,0,8589934592,0,0,0,0,0,0,0,0,8589934592,0,0,0,1/16:5,0,0,0,0,0,1099511627776,0,0,0,0,0,0,0,0,0/16:-1,2,0,0,0,0,0,0,0,0,0,0,0,0,1,-2/16:0,0,-2,0,0,0,0,0,0,0,4,0,2,0,0,0|F:0,1,2,3,4,6,7
2|1000000007|0,1,99|4:2147483648,2147483646,92,1/4:5,7,7,-2/4:2147483645,97,6,4294967294|T:0,1,99
8|1000000007||16:0,0,0,0,0,0,0,1,0,-1,0,0,0,0,0,0/16:8589934589,98,96,6,91,8589934593,6,0,0,8,3,-2147483648,-5,2147483646,4294967294,-4/16:0,0,0,0,-1,2,0,0,0,0,1,-2,0,0,0,0/16:3,0,-2147483647,2147483647,8589934593,2147483648,8,2,-2147483648,2147483649,1,8,8,5,8589934592,2147483647/16:0,0,1,2,0,0,0,0,0,0,0,0,0,0,-1,-2/16:-1,92,-8589934599,-5,2147483647,8,5,97,-2147483648,1073741823,1099511627776,2147483646,2147483648,4294967294,-2147483647,1/16:0,0,-1,0,0,0,0,0,1,0,0,0,0,0,0,0/16:8589934589,-4,-8589934591,5,2147483648,90,2147483646,0,-5,-1,-2147483648,-2147483646,5,2147483648,0,90/16:2147483649,1073741823,0,8589934589,-2147483647,2,96,92,-2,4294967295,2147483649,0,1073741823,-8589934592,2147483645,2147483645|F:
8|1000000007||16:0,0,0,0,0,0,0,1,0,-1,0,0,0,0,0,0/16:8589934589,98,96,6,91,8589934593,6,0,0,8,3,-2147483648,-5,2147483646,4294967294,-4/16:0,0,0,0,-1,2,0,0,0,0,1,-2,0,0,0,0/16:3,0,-2147483647,2147483647,8589934593,2147483648,8,2,-2147483648,2147483649,1,8,8,5,8589934592,2147483647/16:0,0,1,2,0,0,0,0,0,0,0,0,0,0,-1,-2/16:-1,92,-8589934599,-5,2147483647,8,5,97,-2147483648,1073741823,1099511627776,2147483646,2147483648,4294967294,-2147483647,1/16:0,0,-1,0,0,0,0,0,1,0,0,0,0,0,0,0/16:8589934589,-4,-8589934591,5,2147483648,90,2147483646,0,-5,-1,-2147483648,-2147483646,5,2147483648,0,90/16:2147483649,1073741823,0,8589934589,-2147483647,2,96,92,-2,4294967295,2147483649,0,1073741823,-8589934592,2147483645,2147483645/16:0,1,0,0,0,0,0,0,0,0,0,0,0,0,0,0|F:
11|7|0,2,6,7,9|22:0,4,0,0,-5,0,0,0,0,-3,0,0,0,0,0,0,0,0,0,0,0,0|F:0,2,6,7,9
12|2147483647|2,3,4,6,7,8,9,10,11|24:8589934592,-3,-8589934599,-8589934592,1099511627776,8589934589,4,2,4,-1099511627777,-3,2,-2,-5,-1,-8589934599,-8589934592,8589934593,-2,3,1099511627776,-8589934591,0,8589934592/24:8589934592,-8589934592,-4,8589934593,8589934592,-5,1099511627776,2,4,1,-3,-8589934592,-2,-8589934591,8589934593,-3,-1,8589934593,1099511627776,-3,8589934589,8589934589,-3,-5/24:0,0,3,1,0,0,0,0,0,0,0,0,-3,-1,0,0,0,0,0,0,0,0,0,0/24:-8589934599,-8589934591,-8589934592,5,0,-5,-8589934599,-1,4,-2,3,-4,1,-1,-2,1099511627776,8589934589,5,8589934592,1099511627776,3,3,-1,-8589934591/24:0,0,0,0,0,0,0,0,0,0,0,0,0,0,1,3,0,0,0,0,-1,-3,0,0/24:1,2,0,0,0,0,0,0,0,0,-1,-2,0,0,0,0,0,0,0,0,0,0,0,0/24:3,8589934589,-8589934591,8589934593,-5,8589934592,2,-5,4,8589934589,-1099511627777,-1,-8589934591,-1099511627777,1,4,2,-1,-8589934599,-1,1,8589934589,-4,1099511627776/24:8589934593,-8589934599,2,0,8589934589,-8589934592,8589934593,8589934589,-4,-2,-8589934599,3,1099511627776,-8589934599,8589934589,5,-1099511627777,-4,8589934592,-8589934592,-8589934591,1099511627776,3,8589934589/24:8589934593,3,-1099511627777,2,1,-1,2,3,-8589934599,8589934592,-8589934599,-8589934591,-4,8589934589,0,-1099511627777,4,-1099511627777,8589934593,-2,-8589934592,5,-8589934599,-1099511627777/24:-1099511627777,1099511627776,-1099511627777,-3,-5,1,8589934593,-5,-4,3,1099511627776,1099511627776,-5,-8589934599,-8589934592,0,1099511627776,-8589934591,-8589934599,-2,-8589934599,-8589934591,-8589934592,8589934593/24:-8589934592,2,3,0,8589934589,2,-1099511627777,-2,-5,-4,1099511627776,-1,3,8589934589,-1099511627777,-8589934599,8589934592,-8589934592,-2,-8589934592,-8589934592,-1,2,3/24:-8589934599,8589934593,0,8589934593,-3,-3,-1099511627777,1099511627776,4,1,8589934589,-1,2,2,2,0,-1,-3,4,-1,-5,-8589934591,2,3|T:0,1,2,3,4,5,6,7,8,9,10,11
1|2147483647|0||T:0
5|97|0,1,2,3,4|10:0,0,0,0,0,0,0,0,0,0/10:-2147483648,-8589934592,1,97,-5,97,-2147483647,1099511627776,-2147483646,90|T:0,1,2,3,4
4|91||8:4,0,0,-3,-1,0,5,0/8:0,0,0,0,3,0,0,0/8:-2,0,1,0,0,0,0,-1/8:5,0,5,0,0,0,0,0/8:0,0,0,0,-3,0,0,0/8:0,5,-5,0,5,0,0,0/8:3,0,0,5,0,0,0,0|F:
11|2147483647|8|22:1,2,0,0,0,0,0,0,0,0,0,0,0,0,0,0,0,0,0,0,-1,-2/22:-3,0,3,8589934593,0,0,0,5,-8589934599,0,-1099511627777,0,0,0,0,0,0,0,0,0,0,0/22:-1,2,0,0,0,0,0,0,0,0,0,0,0,0,1,-2,0,0,0,0,0,0/22:0,0,-2,0,0,0,-8589934592,0,0,0,0,0,1099511627776,0,-8589934599,0,0,8589934592,0,0,0,0/22:0,0,0,-8589934592,0,0,0,-3,0,0,0,3,1099511627776,0,-2,0,0,0,0,1099511627776,0,1099511627776/22:0,0,0,0,5,0,0,0,-1099511627777,-4,0,0,2,0,0,0,0,0,0,0,0,0/22:-5,0,0,0,0,-2,0,8589934589,0,0,0,1099511627776,0,-4,0,5,0,0,0,0,0,0/22:8589934593,0,0,0,-8589934599,0,8589934593,-1,8589934592,1099511627776,8589934593,-4,0,5,0,0,0,0,-2,0,-3,3/22:0,-8589934599,-8589934591,0,0,1,3,0,8589934589,0,0,0,0,0,0,3,0,0,0,0,0,4/22:0,0,0,0,0,0,-1,0,1,0,0,0,0,0,0,0,0,0,0,0,0,0/22:0,0,0,0,1,2,-1,-2,0,0,0,0,0,0,0,0,0,0,0,0,0,0/22:-3,0,0,0,0,0,0,0,0,-8589934591,0,0,0,-8589934591,0,0,0,0,0,0,0,0/22:0,0,5,0,1,0,1,-5,0,-4,0,0,-1,0,0,0,0,0,0,0,0,0/22:0,-8589934592,5,0,0,0,0,8589934589,0,0,0,5,0,0,0,-8589934592,0,0,0,0,0,3/22:0,8589934589,0,5,0,5,0,0,0,0,-5,0,0,3,0,0,0,0,0,1099511627776,0,0/22:0,0,0,1,0,0,0,2,0,0,-8589934599,0,1,0,0,0,0,0,0,0,0,0/22:1,-5,0,0,0,0,0,0,0,0,0,0,0,0,0,4,0,0,0,0,-2,0|F:8
11|2147483647|8|22:1,2,0,0,0,0,0,0,0,0,0,0,0,0,0,0,0,0,0,0,-1,-2/22:-3,0,3,8589934593,0,0,0,5,-8589934599,0,-1099511627777,0,0,0,0,0,0,0,0,0,0,0/22:-1,2,0,0,0,0,0,0,0,0,0,0,0,0,1,-2,0,0,0,0,0,0/22:0,0,-2,0,0,0,-8589934592,0,0,0,0,0,1099511627776,0,-8589934599,0,0,8589934592,0,0,0,0/22:0,0,0,-8589934592,0,0,0,-3,0,0,0,3,1099511627776,0,-2,0,0,0,0,1099511627776,0,1099511627776/22:0,0,0,0,5,0,0,0,-1099511627777,-4,0,0,2,0,0,0,0,0,0,0,0,0/22:-5,0,0,0,0,-2,0,8589934589,0,0,0,1099511627776,0,-4,0,5,0,0,0,0,0,0/22:8589934593,0,0,0,-8589934599,0,8589934593,-1,8589934592,1099511627776,8589934593,-4,0,5,0,0,0,0,-2,0,-3,3/22:0,-8589934599,-8589934591,0,0,1,3,0,8589934589,0,0,0,0,0,0,3,0,0,0,0,0,4/22:0,0,0,0,0,0,-1,0,1,0,0,0,0,0,0,0,0,0,0,0,0,0/22:0,0,0,0,1,2,-1,-2,0,0,0,0,0,0,0,0,0,0,0,0,0,0/22:-3,0,0,0,0,0,0,0,0,-8589934591,0,0,0,-8589934591,0,0,0,0,0,0,0,0/22:0,0,5,0,1,0,1,-5,0,-4,0,0,-1,0,0,0,0,0,0,0,0,0/22:0,-8589934592,5,0,0,0,0,8589934589,0,0,0,5,0,0,0,-8589934592,0,0,0,0,0,3/22:0,8589934589,0,5,0,5,0,0,0,0,-5,0,0,3,0,0,0,0,0,1099511627776,0,0/22:0,0,0,1,0,0,0,2,0,0,-8589934599,0,1,0,0,0,0,0,0,0,0,0/22:1,-5,0,0,0,0,0,0,0,0,0,0,0,0,0,4,0,0,0,0,-2,0/22:0,0,0,0,0,0,0,0,0,1,0,0,0,0,0,0,0,0,0,0,0,0|F:8
11|2147483647||22:-5,0,0,0,0,0,0,1073741823,0,0,2147483647,0,0,0,0,0,0,0,0,0,0,0/22:0,0,-2147483646,0,0,0,0,98,0,0,0,0,4,0,0,0,0,0,0,0,0,0/22:0,0,0,0,0,2147483646,0,0,0,0,0,0,0,0,0,0,3,0,0,0,0,0/22:8,-4,2147483646,0,0,0,0,0,0,0,0,0,0,0,0,0,0,0,0,0,0,0/22:0,0,0,0,0,2147483647,0,0,0,0,0,1073741823,0,0,0,0,0,0,0,0,0,-3/22:-2,-1,0,0,2,1,0,0,0,0,0,0,0,0,0,0,0,0,0,0,0,0/22:0,0,0,0,0,7,2147483645,0,2147483648,0,0,0,0,0,0,0,0,0,0,0,0,0/22:0,0,0,0,0,0,0,2,0,0,0,0,0,0,0,0,0,0,6,0,0,0/22:0,0,0,0,0,0,0,0,4,0,0,0,92,0,0,0,0,0,0,0,0,0/22:0,0,0,0,0,4,0,0,0,1073741823,0,0,0,0,0,0,-2147483648,0,0,0,0,0/22:0,0,0,0,0,0,0,0,0,0,0,0,-4,0,0,0,0,0,96,0,0,0/22:0,0,2,0,0,0,0,-4,0,0,0,0,0,0,0,2147483647,0,0,-2147483647,0,0,2147483646|F:
11|2147483647||22:-5,0,0,0,0,0,0,1073741823,0,0,2147483647,0,0,0,0,0,0,0,0,0,0,0/22:0,0,-2147483646,0,0,0,0,98,0,0,0,0,4,0,0,0,0,0,0,0,0,0/22:0,0,0,0,0,2147483646,0,0,0,0,0,0,0,0,0,0,3,0,0,0,0,0/22:8,-4,2147483646,0,0,0,0,0,0,0,0,0,0,0,0,0,0,0,0,0,0,0/22:0,0,0,0,0,2147483647,0,0,0,0,0,1073741823,0,0,0,0,0,0,0,0,0,-3/22:-2,-1,0,0,2,1,0,0,0,0,0,0,0,0,0,0,0,0,0,0,0,0/22:0,0,0,0,0,7,2147483645,0,2147483648,0,0,0,0,0,0,0,0,0,0,0,0,0/22:0,0,0,0,0,0,0,2,0,0,0,0,0,0,0,0,0,0,6,0,0,0/22:0,0,0,0,0,0,0,0,4,0,0,0,92,0,0,0,0,0,0,0,0,0/22:0,0,0,0,0,4,0,0,0,1073741823,0,0,0,0,0,0,-2147483648,0,0,0,0,0/22:0,0,0,0,0,0,0,0,0,0,0,0,-4,0,0,0,0,0,96,0,0,0/22:0,0,2,0,0,0,0,-4,0,0,0,0,0,0,0,2147483647,0,0,-2147483647,0,0,2147483646/22:0,0,0,0,0,0,0,0,0,0,0,1,0,0,0,0,0,0,0,0,0,0|F:0
7|97|3|14:0,5,0,0,-2,0,1099511627776,-2,-1,0,0,-2,90,2|F:3
10|91|3,5,7|20:-4,-3,5,0,3,0,0,0,-3,0,5,5,0,-2,0,-4,0,0,-5,0/20:0,2,0,0,1,-4,1,5,-5,2,4,4,0,-1,0,0,5,-2,-5,-2/20:0,0,0,-1,2,-4,4,-1,0,0,0,-1,-2,0,3,0,-5,4,-5,0/20:-1,3,2,5,0,0,0,0,1,-4,0,4,2,3,-1,4,0,0,0,-3/20:-2,0,-3,-4,0,0,1,0,-4,0,-2,3,-2,4,0,1,0,3,-2,0/20:0,0,0,0,-3,-5,-1,-2,0,0,4,-2,0,0,0,-3,5,1,0,2/20:-3,4,0,0,3,-5,-2,5,0,-2,-5,3,2,2,-4,5,0,0,0,0/20:4,0,-1,0,-1,0,-1,-2,-3,-5,0,0,0,0,-2,1,0,2,2,-5/20:0,0,0,0,0,0,0,0,0,0,0,0,0,0,0,0,0,1,0,-1/20:0,0,1,2,0,0,0,0,0,0,0,0,0,0,-1,-2,0,0,0,0/20:0,3,-1,0,3,0,0,-4,0,0,0,2,0,0,0,0,-5,0,0,1/20:2,1,0,0,0,0,0,0,0,0,-2,-1,0,0,0,0,0,0,0,0/20:3,0,-5,-4,0,0,2,0,-5,0,2,1,0,0,3,0,0,0,-3,4/20:0,3,0,-2,1,0,4,3,0,-3,3,0,0,0,2,0,4,-1,-4,-3/20:-1,2,0,0,-5,0,2,0,0,1,4,0,0,0,-3,0,0,0,0,0/20:0,0,0,0,0,0,1,2,0,0,0,0,-1,-2,0,0,0,0,0,0/20:0,0,0,0,0,-4,0,-4,4,0,0,0,3,0,0,0,0,1,-4,3/20:0,0,0,0,1,1,0,0,0,0,-1,-1,0,0,0,0,0,0,0,0/20:0,-4,0,0,0,-1,2,-2,3,0,0,4,0,-5,5,-5,-1,-2,0,0/20:-4,-4,3,3,0,0,-3,0,0,3,-2,3,0,0,0,-4,2,-5,0,-4/20:0,-5,0,0,2,0,4,5,-3,2,-2,5,0,3,-1,0,0,-4,3,0/20:0,3,0,5,3,2,0,0,0,2,0,-1,-3,5,4,0,-3,-5,5,3|F:3,5,7
10|91|3,5,7|20:-4,-3,5,0,3,0,0,0,-3,0,5,5,0,-2,0,-4,0,0,-5,0/20:0,2,0,0,1,-4,1,5,-5,2,4,4,0,-1,0,0,5,-2,-5,-2/20:0,0,0,-1,2,-4,4,-1,0,0,0,-1,-2,0,3,0,-5,4,-5,0/20:-1,3,2,5,0,0,0,0,1,-4,0,4,2,3,-1,4,0,0,0,-3/20:-2,0,-3,-4,0,0,1,0,-4,0,-2,3,-2,4,0,1,0,3,-2,0/20:0,0,0,0,-3,-5,-1,-2,0,0,4,-2,0,0,0,-3,5,1,0,2/20:-3,4,0,0,3,-5,-2,5,0,-2,-5,3,2,2,-4,5,0,0,0,0/20:4,0,-1,0,-1,0,-1,-2,-3,-5,0,0,0,0,-2,1,0,2,2,-5/20:0,0,0,0,0,0,0,0,0,0,0,0,0,0,0,0,0,1,0,-1/20:0,0,1,2,0,0,0,0,0,0,0,0,0,0,-1,-2,0,0,0,0/20:0,3,-1,0,3,0,0,-4,0,0,0,2,0,0,0,0,-5,0,0,1/20:2,1,0,0,0,0,0,0,0,0,-2,-1,0,0,0,0,0,0,0,0/20:3,0,-5,-4,0,0,2,0,-5,0,2,1,0,0,3,0,0,0,-3,4/20:0,3,0,-2,1,0,4,3,0,-3,3,0,0,0,2,0,4,-1,-4,-3/20:-1,2,0,0,-5,0,2,0,0,1,4,0,0,0,-3,0,0,0,0,0/20:0,0,0,0,0,0,1,2,0,0,0,0,-1,-2,0,0,0,0,0,0/20:0,0,0,0,0,-4,0,-4,4,0,0,0,3,0,0,0,0,1,-4,3/20:0,0,0,0,1,1,0,0,0,0,-1,-1,0,0,0,0,0,0,0,0/20:0,-4,0,0,0,-1,2,-2,3,0,0,4,0,-5,5,-5,-1,-2,0,0/20:-4,-4,3,3,0,0,-3,0,0,3,-2,3,0,0,0,-4,2,-5,0,-4/20:0,-5,0,0,2,0,4,5,-3,2,-2,5,0,3,-1,0,0,-4,3,0/20:0,3,0,5,3,2,0,0,0,2,0,-1,-3,5,4,0,-3,-5,5,3/20:0,0,0,0,0,0,1,2,0,0,0,0,0,0,0,0,0,0,0,0|F:3,5,7
3|91||6:1,1,0,0,-1,-1|F:
3|91||6:1,1,0,0,-1,-1/6:0,0,1,1,0,0|F:
9|97|0,1,2,4,5,6,7,8|18:97,0,97,0,8,0,3,0,0,0,0,0,0,0,0,0,0,0/18:3,0,0,8,0,0,0,0,91,0,7,7,0,-4,0,0,0,0/18:0,6,0,1,0,0,0,6,0,0,7,8,0,8,91,0,-1,4294967294/18:8,0,3,0,0,1073741823,0,0,7,0,0,6,0,0,97,0,0,0/18:0,0,0,0,0,0,0,0,0,0,0,0,0,0,0,0,0,0|T:0,1,2,3,4,5,6,7,8
8|1000000007|0,1,2,3,4,5,6,7||T:0,1,2,3,4,5,6,7
4|2147483647|0,1,2,3|8:5,-3,-2,2,-3,1,2,3/8:0,0,-3,-1,0,0,3,1/8:-1,5,2,-4,2,-3,-5,-5/8:3,3,2,-4,-2,5,-1,4|T:0,1,2,3
5|91|0,1,2,3,4|10:-8589934591,0,0,0,0,-1099511627777,1,4,1,-8589934592/10:-4,-8589934599,3,0,-2,8589934592,0,3,0,0/10:0,-8589934591,2,0,0,0,-1,8589934593,-1099511627777,0/10:-1,2,0,0,1,-2,0,0,0,0/10:8589934593,0,2,0,-2,-5,-4,2,-8589934592,-2/10:0,0,4,8589934593,3,0,0,-8589934592,0,8589934593/10:0,-8589934599,0,0,-4,-3,0,-2,-8589934591,-8589934591/10:-1,-1,1,1,0,0,0,0,0,0/10:0,-3,0,3,0,-8589934599,0,-5,0,2/10:-2,8589934589,-5,0,8589934592,0,0,-8589934592,5,0|T:0,1,2,3,4
6|1000000007|4|12:2147483648,0,-5,0,-1,0,4,0,4,-3,98,-3/12:0,3,0,0,-2,2147483646,0,0,0,0,0,90/12:0,0,0,2147483647,0,0,91,96,0,-2,0,0/12:91,0,5,5,2147483648,4294967294,0,0,0,92,4,-2147483646|F:4
6|1000000007|4|12:2147483648,0,-5,0,-1,0,4,0,4,-3,98,-3/12:0,3,0,0,-2,2147483646,0,0,0,0,0,90/12:0,0,0,2147483647,0,0,91,96,0,-2,0,0/12:91,0,5,5,2147483648,4294967294,0,0,0,92,4,-2147483646/12:0,0,0,0,0,0,1,1,0,0,0,0|F:4
10|7||20:0,0,0,0,8589934589,2,0,0,0,0,0,0,0,0,0,0,2147483649,0,0,0/20:0,0,3,1,0,0,0,0,0,0,0,0,0,0,0,0,-3,-1,0,0/20:0,0,0,0,0,0,0,0,-1099511627777,0,0,0,0,0,0,4,0,0,0,0/20:0,0,0,8,0,0,0,0,0,0,0,0,0,0,0,8589934589,0,7,0,0/20:0,0,-1,0,0,0,0,0,0,0,0,4,0,0,0,0,0,0,0,0|F:
11|91|0,1,2,3,4,5,6,7,8,9,10|22:0,0,0,3,0,3,0,0,5,0,0,0,4,0,2,4,0,0,0,0,-5,0/22:2,4,0,0,0,0,0,4,0,0,-5,0,0,0,-5,0,0,0,0,0,0,0/22:0,0,0,0,0,4,0,4,0,0,0,0,0,0,0,0,0,0,0,0,-3,0/22:0,0,0,0,1,2,-1,-2,0,0,0,0,0,0,0,0,0,0,0,0,0,0/22:0,0,0,0,0,-5,-1,0,0,0,0,0,0,0,0,0,0,0,0,0,0,0/22:0,1,0,0,0,0,0,0,0,0,0,0,0,0,0,0,0,4,0,0,0,0/22:1,0,0,0,0,0,0,0,0,0,0,0,-3,0,0,0,0,3,0,0,0,0/22:0,0,0,0,-5,0,0,0,-4,0,0,0,0,0,0,0,0,0,0,0,0,0/22:0,0,0,3,0,4,0,0,0,0,4,0,0,0,0,0,0,0,0,2,0,0/22:0,0,0,0,3,1,0,0,0,0,0,0,0,0,0,0,-3,-1,0,0,0,0/22:0,0,0,0,0,0,0,5,-5,0,0,0,0,0,0,0,0,0,0,0,0,1/22:0,0,3,0,0,5,-3,0,0,0,0,0,0,0,0,0,0,0,0,-1,0,0/22:0,-1,-5,0,0,0,0,0,-1,0,0,4,0,0,0,-5,0,0,-3,0,-4,5/22:0,0,2,0,0,0,0,0,0,-2,0,0,0,0,0,0,-5,0,0,0,0,0/22:0,0,0,0,0,0,0,0,0,0,0,0,0,0,3,1,-3,-1,0,0,0,0/22:0,0,0,0,0,2,0,0,3,4,0,0,0,0,0,0,0,-1,0,0,0,0/22:-3,0,0,0,0,0,2,0,0,0,0,0,-1,0,0,0,-5,-4,0,-3,-5,0/22:1,0,0,0,0,0,0,0,0,0,-3,0,0,0,0,0,0,0,0,0,0,-3/22:1,0,0,0,-5,0,0,0,0,0,0,0,2,0,0,0,-4,0,0,-3,0,0/22:0,0,0,0,0,0,0,0,0,0,0,0,-3,-1,3,1,0,0,0,0,0,0/22:0,0,1,2,-1,-2,0,0,0,0,0,0,0,0,0,0,0,0,0,0,0,0/22:0,0,3,0,0,0,0,0,0,0,0,-4,-2,0,0,0,0,0,0,0,0,0/22:0,0,0,0,2,0,0,0,0,0,0,0,0,0,0,-3,0,0,0,0,0,0|T:0,1,2,3,4,5,6,7,8,9,10
11|97|0,1,2,3,4,5,6,7,8,9,10|22:1099511627776,0,-8589934592,-1099511627777,0,-2,2,2,-1099511627777,0,-1,8589934589,0,0,0,0,-4,0,8589934589,0,0,0/22:0,0,0,0,0,0,0,0,0,0,0,0,-3,-1,0,0,3,1,0,0,0,0/22:8589934592,-2,8589934593,4,-2,2,-4,-3,-2,0,0,0,0,0,0,0,0,0,0,0,0,0/22:0,0,0,-8589934591,1,1,0,-5,-2,0,5,-8589934591,-5,8589934593,0,-2,-3,0,1,1,-5,-1/22:-1,0,0,0,0,0,0,0,0,0,0,0,0,0,0,0,0,0,1,0,0,0/22:0,0,0,0,0,0,0,0,0,0,0,0,0,0,1,-2,0,0,-1,2,0,0/22:0,2,0,2,-8589934591,0,1099511627776,5,0,0,-8589934591,0,1,8589934592,-1099511627777,0,8589934593,0,8589934593,0,2,0/22:-5,0,0,8589934589,-1,-1,8589934589,0,0,0,-8589934599,-4,0,8589934592,0,-1,-2,-8589934591,2,0,3,3/22:5,-1099511627777,2,-1099511627777,-4,0,0,0,0,2,0,0,-3,0,5,5,0,0,5,0,0,0/22:0,-8589934592,0,8589934592,8589934592,-3,0,3,5,8589934589,3,-2,0,0,3,-8589934599,0,0,0,0,4,0/22:-3,0,-8589934599,-1099511627777,3,-2,8589934593,0,8589934589,1099511627776,8589934589,0,0,1,1,-2,0,-8589934591,0,8589934589,0,-2/22:0,0,0,0,0,5,4,0,-8589934599,0,-1,1099511627776,1,0,-1,2,0,0,0,-1099511627777,0,8589934592/22:0,0,0,0,0,0,0,0,0,0,0,0,0,0,0,0,-1,-3,1,3,0,0/22:0,1,8589934592,5,0,0,0,0,5,0,-5,0,-4,1,0,0,2,-5,2,0,5,-8589934592/22:0,0,0,0,0,0,0,0,0,0,-3,-1,0,0,3,1,0,0,0,0,0,0/22:-1,-3,0,0,0,0,0,0,0,0,0,0,1,3,0,0,0,0,0,0,0,0/22:0,0,1,-2,0,0,0,0,0,0,0,0,0,0,0,0,0,0,-1,2,0,0/22:0,3,0,0,0,0,0,8589934589,-4,5,-5,-4,-1099511627777,0,-8589934591,5,-8589934599,0,8589934589,0,-8589934599,-2/22:1,3,0,0,0,0,0,0,-1,-3,0,0,0,0,0,0,0,0,0,0,0,0/22:3,0,-4,5,-5,8589934592,8589934592,0,0,-8589934599,-1,-1,-1099511627777,0,0,0,1099511627776,0,0,-3,4,3/22:0,0,8589934593,-3,0,2,0,0,-4,-1,-4,3,0,1099511627776,0,0,1,0,-1099511627777,5,-1,2/22:0,-8589934591,0,5,4,0,0,0,-2,0,4,-4,-8589934592,-4,3,0,-8589934599,-4,-1,0,8589934593,-8589934591|T:0,1,2,3,4,5,6,7,8,9,10
6|91||12:-2147483648,0,0,0,-2147483648,0,96,92,97,0,2147483645,0/12:1073741823,0,-2,2147483649,0,-3,0,1073741823,0,0,-1,1073741823/12:0,-1,0,1,0,0,0,0,0,0,0,0/12:-2147483646,2147483646,-2147483646,0,2147483649,2147483649,91,90,0,2147483646,0,0/12:0,0,0,0,3,1,0,0,0,0,-3,-1/12:96,-5,4294967294,96,4,4294967294,91,0,4,0,-2147483647,0/12:3,0,1,-4,8,0,0,2147483648,2147483648,-2147483648,1,0|F:
6|91||12:-2147483648,0,0,0,-2147483648,0,96,92,97,0,2147483645,0/12:1073741823,0,-2,2147483649,0,-3,0,1073741823,0,0,-1,1073741823/12:0,-1,0,1,0,0,0,0,0,0,0,0/12:-2147483646,2147483646,-2147483646,0,2147483649,2147483649,91,90,0,2147483646,0,0/12:0,0,0,0,3,1,0,0,0,0,-3,-1/12:96,-5,4294967294,96,4,4294967294,91,0,4,0,-2147483647,0/12:3,0,1,-4,8,0,0,2147483648,2147483648,-2147483648,1,0/12:0,0,0,0,0,0,0,0,0,0,0,1|F:
4|2147483647|0,1,2,3|8:3,0,0,90,0,0,-2,0/8:0,91,0,0,0,0,0,0/8:0,3,-2147483648,-8589934599,0,0,0,4294967294/8:0,4294967294,0,0,0,0,0,6/8:2,1,0,0,0,0,-2,-1/8:0,0,0,0,0,-8589934591,0,0/8:0,0,0,-8589934592,0,0,-1,97|T:0,1,2,3
7|91|-1,0,1,2,3,4,5,6|14:-1,2,0,0,0,0,1,-2,0,0,0,0,0,0/14:-1,3,5,4,0,5,4,-2,-2,-3,4,0,-4,5/14:0,0,2,1,0,0,0,0,-2,-1,0,0,0,0/14:0,0,0,5,0,0,2,0,0,-1,0,0,-2,0|T:-1,0,1,2,3,4,5,6
2|91|0,1|4:3,0,1,-5|T:0,1
2|97|0,1|4:0,0,0,0/4:4294967294,0,0,0/4:0,2147483647,0,3/4:0,0,0,0|T:0,1
6|7||12:0,0,0,0,-1099511627777,0,0,0,0,2147483645,0,0/12:0,0,0,0,0,0,0,0,0,0,0,0/12:0,-8589934592,-2147483646,2,0,-8589934591,0,8,0,0,-8589934599,0/12:0,0,0,0,0,0,0,0,1,0,-1,0/12:0,0,0,0,-1,-2,1,2,0,0,0,0/12:5,0,0,-2147483647,0,0,0,0,0,0,0,0/12:0,0,1,1,0,0,0,0,-1,-1,0,0/12:1,0,-1,0,0,0,0,0,0,0,0,0/12:0,0,0,0,-1,0,0,0,0,0,1,0/12:-3,-2147483647,0,0,0,0,0,8589934592,6,0,0,2147483645/12:-5,0,0,0,5,-2147483646,0,-2,0,0,0,0/12:0,0,0,0,6,8,90,0,0,0,-2147483648,0/12:0,8589934593,0,0,0,0,0,0,0,0,0,0|T:0,1,2,3,4,5
12|97||24:0,0,0,0,0,0,0,-3,0,5,4,0,-1,0,0,0,0,0,4,0,-5,5,0,0/24:2,0,0,-2,0,4,-1,0,0,0,0,0,0,0,-1,0,1,0,3,0,0,0,0,0/24:0,0,0,0,0,0,0,0,0,0,0,0,0,0,0,0,0,0,0,0,0,1,0,0/24:0,-1,0,0,0,0,0,0,0,0,0,-5,0,0,0,0,0,0,0,0,0,0,3,0/24:0,0,0,0,0,0,0,0,0,3,0,0,0,0,0,0,0,0,0,0,0,0,0,0/24:0,0,1,0,0,0,0,0,-1,0,0,0,0,0,0,0,0,0,0,0,0,0,0,0|F:
12|97||24:0,0,0,0,0,0,0,-3,0,5,4,0,-1,0,0,0,0,0,4,0,-5,5,0,0/24:2,0,0,-2,0,4,-1,0,0,0,0,0,0,0,-1,0,1,0,3,0,0,0,0,0/24:0,0,0,0,0,0,0,0,0,0,0,0,0,0,0,0,0,0,0,0,0,1,0,0/24:0,-1,0,0,0,0,0,0,0,0,0,-5,0,0,0,0,0,0,0,0,0,0,3,0/24:0,0,0,0,0,0,0,0,0,3,0,0,0,0,0,0,0,0,0,0,0,0,0,0/24:0,0,1,0,0,0,0,0,-1,0,0,0,0,0,0,0,0,0,0,0,0,0,0,0/24:0,0,0,0,0,0,0,0,1,2,0,0,0,0,0,0,0,0,0,0,0,0,0,0|F:4
6|97|3,4,5|12:0,0,0,0,0,0,0,0,0,0,0,0/12:0,0,0,0,0,0,0,0,-3,-1,3,1/12:0,0,0,-1,0,1,0,0,0,0,0,0/12:0,0,0,0,0,0,0,0,0,0,0,0/12:1,1,0,0,0,0,0,0,0,0,-1,-1|F:3,4,5
3|91||6:0,2147483648,0,0,0,0/6:0,8,0,0,0,0|F:
12|97|0,1,5,6,7|24:7,0,0,0,4294967295,4294967294,2147483646,0,2,0,0,0,0,0,0,0,0,0,0,92,5,0,0,0/24:6,0,0,0,0,0,0,0,0,0,8,4,2147483648,0,0,0,0,0,0,0,4294967295,0,0,0/24:0,0,-2,-1,0,0,0,0,0,0,2,1,0,0,0,0,0,0,0,0,0,0,0,0/24:-2147483647,2147483647,0,0,0,0,0,0,0,0,0,-8589934591,0,0,0,1099511627776,0,0,3,0,0,0,-2147483646,0/24:0,0,0,0,0,0,-1,-3,1,3,0,0,0,0,0,0,0,0,0,0,0,0,0,0/24:0,0,0,0,3,1,0,0,0,0,0,0,0,0,0,0,0,0,0,0,0,0,-3,-1/24:92,0,6,0,0,2147483648,0,0,0,91,0,0,0,0,-1,-8589934599,0,0,6,1099511627776,0,8589934592,0,0/24:-8589934599,0,0,0,0,0,0,-2147483648,0,-8589934599,0,0,0,0,0,0,4294967295,0,0,0,7,0,1,0/24:1099511627776,0,-2147483648,0,3,0,7,-3,0,0,-1099511627777,0,0,-8589934591,96,4294967294,0,0,-1099511627777,0,2147483645,0,0,8589934589/24:97,0,8589934589,90,0,0,0,92,0,0,0,0,3,0,0,0,1073741823,2147483648,0,0,4,0,0,0/24:0,4294967294,0,0,0,0,6,0,0,0,0,0,0,0,0,0,0,0,0,2147483649,4,1073741823,0,0/24:0,0,0,0,0,0,0,0,0,0,0,0,0,0,0,0,0,0,0,0,0,0,0,0/24:0,2147483646,8,0,0,4294967294,0,4294967295,96,96,0,0,0,4294967295,0,0,2147483646,8589934593,0,0,0,8589934589,0,0/24:90,2147483649,0,0,0,0,0,0,-1099511627777,91,0,0,-2,0,0,0,0,0,0,0,1,0,2147483646,-2147483646/24:0,0,0,0,0,5,0,1073741823,0,8589934592,0,0,8589934589,0,0,0,8,0,0,4294967295,1073741823,0,0,0/24:-2147483647,0,0,0,0,0,0,1099511627776,0,-8589934599,0,0,0,8589934592,0,0,0,0,97,0,0,0,0,0/24:8,0,0,1099511627776,0,4,0,1,0,0,0,0,0,0,0,0,8,0,0,0,0,0,-5,0/24:1,0,0,0,0,0,0,0,1099511627776,0,8589934592,0,0,0,0,90,0,0,8589934593,96,1073741823,4294967294,-5,0/24:0,7,0,0,-2147483646,0,0,2,0,8589934593,0,98,0,0,0,0,8589934592,90,91,0,0,0,2147483649,-1/24:2147483649,0,0,8589934592,2,0,92,2147483646,-8589934592,-2147483647,0,-1,2147483645,0,0,-8589934592,-2147483647,-2147483646,-2147483646,0,0,0,0,0/24:0,92,0,96,0,0,1073741823,0,-5,-1,0,0,0,2147483649,0,-8589934599,0,98,0,0,4294967295,7,0,96/24:0,0,1073741823,0,0,0,0,0,8589934593,0,0,0,0,1073741823,0,0,0,0,0,0,-8589934592,0,0,8589934589/24:0,0,2147483646,0,-8589934592,0,92,-1099511627777,8589934589,0,0,0,2147483648,2,-2147483648,0,0,0,0,8589934592,0,0,0,2147483647/24:0,0,0,0,1,0,0,0,0,0,0,0,0,0,0,0,-1,0,0,0,0,0,0,0/24:0,0,0,0,-3,-1,0,0,0,0,0,0,0,0,0,0,0,0,3,1,0,0,0,0|T:0,1,2,3,4,5,6,7,8,9,10,11
3|2147483647||6:5,0,0,0,-4,-5|F:
1|91|0|2:0,0/2:0,0/2:0,0/2:0,0/2:0,0|T:0
12|2147483647||24:-4,92,-5,-2147483646,91,92,2147483645,-2147483647,2,-2147483646,4294967295,8,-2147483648,91,2147483648,-2147483647,2147483648,90,4294967294,98,5,2147483645,-3,-2147483646/24:1,5,97,2147483646,2147483648,1073741823,0,97,1,-2147483647,97,1073741823,1073741823,-2147483648,-1,98,1,4294967295,96,4,2147483646,-4,-2147483648,-5/24:-2,2,1073741823,1073741823,4294967295,92,92,-4,-2,-2147483647,92,-4,-2147483646,-4,91,97,2147483647,96,97,3,-2,-2147483648,2147483648,2/24:-1,-5,-2147483648,2147483649,2147483647,2147483646,8,1,1,4294967295,4294967294,-4,8,4294967294,96,1073741823,-4,2147483647,6,4294967294,98,-2147483647,-2147483647,-2/24:0,0,0,0,0,0,-1,-1,0,0,0,0,0,0,0,0,0,0,0,0,0,0,1,1/24:0,0,0,0,0,0,0,0,0,0,0,0,1,3,0,0,0,0,0,0,0,0,-1,-3/24:2147483646,2147483646,-4,2147483649,98,8,-1,91,97,97,96,5,2,98,-2147483648,91,2147483645,90,1073741823,6,-3,2147483649,2,7/24:7,91,0,-2147483646,0,4294967294,97,96,90,2147483645,5,96,1073741823,90,97,2147483648,1,90,2147483646,-4,-5,2147483648,3,0/24:0,0,0,0,0,0,0,0,0,0,-1,2,1,-2,0,0,0,0,0,0,0,0,0,0/24:0,0,0,0,3,1,0,0,0,0,-3,-1,0,0,0,0,0,0,0,0,0,0,0,0|F:
12|2147483647||24:-4,92,-5,-2147483646,91,92,2147483645,-2147483647,2,-2147483646,4294967295,8,-2147483648,91,2147483648,-2147483647,2147483648,90,4294967294,98,5,2147483645,-3,-2147483646/24:1,5,97,2147483646,2147483648,1073741823,0,97,1,-2147483647,97,1073741823,1073741823,-2147483648,-1,98,1,4294967295,96,4,2147483646,-4,-2147483648,-5/24:-2,2,1073741823,1073741823,4294967295,92,92,-4,-2,-2147483647,92,-4,-2147483646,-4,91,97,2147483647,96,97,3,-2,-2147483648,2147483648,2/24:-1,-5,-2147483648,2147483649,2147483647,2147483646,8,1,1,4294967295,4294967294,-4,8,4294967294,96,1073741823,-4,2147483647,6,4294967294,98,-2147483647,-2147483647,-2/24:0,0,0,0,0,0,-1,-1,0,0,0,0,0,0,0,0,0,0,0,0,0,0,1,1/24:0,0,0,0,0,0,0,0,0,0,0,0,1,3,0,0,0,0,0,0,0,0,-1,-3/24:2147483646,2147483646,-4,2147483649,98,8,-1,91,97,97,96,5,2,98,-2147483648,91,2147483645,90,1073741823,6,-3,2147483649,2,7/24:7,91,0,-2147483646,0,4294967294,97,96,90,2147483645,5,96,1073741823,90,97,2147483648,1,90,2147483646,-4,-5,2147483648,3,0/24:0,0,0,0,0,0,0,0,0,0,-1,2,1,-2,0,0,0,0,0,0,0,0,0,0/24:0,0,0,0,3,1,0,0,0,0,-3,-1,0,0,0,0,0,0,0,0,0,0,0,0/24:0,0,0,0,0,0,0,0,1,1,0,0,0,0,0,0,0,0,0,0,0,0,0,0|F:
5|91|0,0,4|10:3,1,0,0,-3,-1,0,0,0,0/10:4,0,0,0,0,0,98,0,0,2147483647/10:0,0,0,1,0,0,0,0,0,-1/10:5,-5,0,2147483646,0,0,1099511627776,0,0,0/10:0,0,0,0,0,0,1,1,-1,-1/10:96,8,0,2147483647,-2147483648,2,5,0,0,-2|F:0,2,4
11|97||22:0,0,0,0,0,0,-2,1,0,0,0,5,0,0,0,0,0,0,0,0,4,0/22:-1,2,0,0,0,0,0,0,0,0,0,0,0,0,0,0,0,0,1,-2,0,0/22:0,0,0,0,0,0,0,0,1,0,0,3,0,0,0,0,0,0,0,0,0,0/22:0,2,0,0,0,0,3,0,0,0,0,0,0,0,0,0,0,0,0,0,0,0/22:0,0,0,0,0,0,0,0,0,5,0,0,0,0,0,5,0,0,5,0,0,0/22:0,0,0,0,0,0,0,0,0,0,0,0,0,0,0,0,0,0,0,0,0,0/22:0,0,0,0,0,0,0,-1,0,1,0,0,0,0,0,0,0,0,0,0,0,0/22:0,0,0,0,0,0,0,0,0,0,0,0,1,3,0,0,0,0,-1,-3,0,0/22:0,-4,0,-5,2,0,0,0,0,0,0,0,0,0,0,0,0,0,0,0,0,0/22:0,0,0,0,0,0,0,0,3,-5,0,0,0,0,0,5,0,0,0,0,0,0/22:0,0,0,0,0,0,0,0,0,0,0,0,0,0,0,0,0,4,4,0,0,0/22:-2,0,0,-5,0,0,0,0,0,0,0,0,0,0,-5,0,0,0,0,0,0,0/22:0,0,0,0,-1,-3,0,0,1,3,0,0,0,0,0,0,0,0,0,0,0,0/22:0,0,0,0,0,0,0,0,0,0,0,0,0,0,0,0,0,0,0,0,0,0/22:0,0,0,0,0,0,0,0,0,0,-3,5,0,0,2,0,0,0,0,0,0,0/22:0,0,0,0,4,0,2,0,0,-5,0,5,0,0,0,0,0,0,0,0,0,-2/22:0,0,0,0,0,0,0,0,0,0,0,0,0,0,0,0,-3,-1,3,1,0,0/22:0,0,0,0,-5,0,0,0,0,4,0,-1,0,0,0,3,0,0,0,0,0,0/22:0,1,0,3,0,0,0,2,0,0,0,0,0,0,0,0,0,0,0,0,0,0/22:0,0,0,0,0,0,0,1,0,0,0,0,-2,0,0,0,0,0,3,1,0,0/22:0,0,0,0,0,0,0,0,-1,0,1,0,0,0,0,0,0,0,0,0,0,0/22:0,0,3,0,0,2,0,0,3,-3,0,0,0,0,0,0,0,0,0,0,0,0|F:
3|91|1|6:8589934592,1099511627776,-3,0,0,0/6:1,3,-1,-3,0,0/6:-1,-1,0,0,1,1/6:-8589934591,0,8589934589,3,0,0/6:0,0,0,0,0,0/6:0,0,0,0,0,0|F:1
12|91|1,4,6,15|24:2,0,90,0,0,0,0,0,0,2147483645,0,0,0,0,0,0,0,0,0,7,-1,2147483648,0,0/24:0,0,0,0,0,0,0,0,3,1,0,0,-3,-1,0,0,0,0,0,0,0,0,0,0/24:0,0,0,0,1,2,0,7,0,0,-4,0,1,4,0,-1,8,0,0,0,0,97,0,0/24:0,0,0,0,0,0,0,0,0,2147483645,0,0,0,0,1073741823,6,0,0,2147483649,0,0,0,98,0/24:0,0,0,0,92,2,0,2147483649,90,0,-1,0,0,0,0,0,2,-1,0,0,0,2147483649,0,0/24:2147483645,0,0,0,0,0,0,0,0,2147483647,0,0,-2147483648,0,-2147483647,1073741823,92,0,0,0,0,0,0,0/24:0,0,-2147483646,0,0,2147483649,0,0,0,0,8,0,2147483645,0,0,0,-2147483647,0,0,0,0,92,0,0/24:0,0,-2147483647,0,0,2147483647,0,6,0,98,0,-1,0,0,0,0,0,0,0,90,0,0,0,0/24:0,0,2147483645,-5,0,0,3,0,0,0,0,0,0,0,2147483649,0,91,-3,0,0,0,0,0,0/24:-1,-3,0,0,1,3,0,0,0,0,0,0,0,0,0,0,0,0,0,0,0,0,0,0/24:6,0,0,2147483647,0,0,91,-2147483647,0,0,1073741823,0,8,0,0,0,0,0,2147483649,4294967295,0,0,0,92/24:1,0,0,0,0,0,0,0,0,0,0,0,-2147483646,0,0,-3,2147483645,2,-3,0,-4,0,2147483645,0/24:0,92,4294967295,98,0,0,6,98,0,-3,0,0,1,0,0,0,0,0,0,2147483645,0,3,0,96/24:0,0,0,0,0,0,0,0,0,-1,0,0,0,0,0,0,0,0,0,0,0,1,0,0/24:0,-2,0,0,0,0,0,-3,0,0,0,0,0,0,0,0,-5,0,6,0,-2147483646,0,0,0/24:0,0,-2,-2147483648,0,0,0,5,0,2147483646,0,0,0,0,0,0,1,0,0,0,0,0,0,0/24:0,5,0,0,0,0,7,0,0,2147483649,0,0,90,0,0,0,0,2147483645,0,91,0,0,0,0/24:0,2147483647,0,0,0,0,0,0,2147483649,2147483649,0,0,0,0,2147483645,0,4294967295,0,4294967295,0,0,-4,0,0/24:0,0,0,0,0,0,0,0,0,0,0,0,0,0,0,0,0,0,0,0,0,0,0,0|F:1,4,6,15
9|1000000007||18:0,2,8,-5,91,97,1099511627776,0,4294967295,7,0,0,4294967294,-3,-2147483647,2147483645,0,0/18:-2147483646,0,2147483645,0,4294967295,0,8,2147483649,8589934589,0,0,0,8589934589,-2147483648,2147483649,0,2,2147483645/18:-4,0,90,-2,0,-2147483646,0,0,0,0,5,91,5,2147483648,3,-2147483646,0,4294967295/18:0,0,0,0,0,0,0,0,0,0,0,0,1,2,0,0,-1,-2/18:0,3,-3,-2,1073741823,-5,97,0,-2147483647,0,0,-8589934591,0,0,0,0,0,4/18:0,0,0,0,0,0,1,3,0,0,-1,-3,0,0,0,0,0,0/18:0,2,0,0,0,0,97,0,0,-1,0,0,91,2,-4,2147483649,-2147483647,-8589934592/18:0,0,7,8589934589,2147483645,0,0,-8589934599,0,1073741823,0,0,-2147483648,8,8589934592,5,0,2147483646/18:2147483647,2147483649,0,92,0,0,90,96,-3,-1099511627777,-8589934592,3,2147483649,0,4294967294,-8589934599,8589934589,-3/18:90,0,0,91,0,0,0,0,-8589934592,91,8,0,-3,6,0,-8589934592,3,96/18:-2147483648,98,0,0,2147483646,0,0,0,90,-1099511627777,4294967294,-3,0,2147483649,8589934589,2147483645,2147483647,97/18:2147483645,-1,8589934593,-1099511627777,-8589934599,8589934593,0,0,0,1073741823,0,0,0,96,0,0,4,7/18:0,0,0,-1,0,1,0,0,0,0,0,0,0,0,0,0,0,0/18:6,0,0,8589934593,0,0,8589934593,91,2147483646,1073741823,0,0,2,1099511627776,90,-4,-1,8589934589/18:2147483647,0,8589934589,0,0,5,1099511627776,0,6,0,0,0,8589934593,0,2,8,0,0/18:0,0,0,0,91,6,-8589934592,-8589934599,8,0,0,-4,0,7,0,0,-2147483646,8589934592/18:0,0,0,0,0,0,0,0,3,1,0,0,0,0,0,0,-3,-1/18:0,0,0,-1,0,0,0,0,0,0,0,0,0,0,0,1,0,0/18:0,8589934593,8589934589,-4,0,-3,5,3,2147483649,0,-1,8589934589,0,1073741823,-2147483646,8,0,0/18:0,-1099511627777,0,-8589934591,-2147483647,4294967295,2147483649,8589934589,-2,1073741823,-8589934599,4294967294,0,2,0,0,8589934592,4294967294|T:0,1,2,3,4,5,6,7,8
3|2147483647|0,1,2|6:0,0,0,-4,0,0/6:0,3,4,0,3,3/6:-5,0,5,0,1,5|T:0,1,2
12|97||24:8589934589,1099511627776,0,0,0,0,0,0,-8589934591,0,1,0,-1,0,0,0,-1099511627777,0,0,0,-3,0,8589934589,0/24:-4,0,0,0,0,0,0,0,0,0,-8589934599,0,0,5,0,0,0,-1,0,0,0,-4,0,0/24:0,8589934592,0,-4,0,8589934589,0,3,0,0,0,-3,0,-3,5,4,0,0,0,-8589934591,5,0,0,0/24:0,8589934589,0,0,0,0,0,0,-3,-8589934592,0,0,0,-1099511627777,-8589934592,0,0,0,0,0,0,-8589934599,0,0|F:
12|97||24:8589934589,1099511627776,0,0,0,0,0,0,-8589934591,0,1,0,-1,0,0,0,-1099511627777,0,0,0,-3,0,8589934589,0/24:-4,0,0,0,0,0,0,0,0,0,-8589934599,0,0,5,0,0,0,-1,0,0,0,-4,0,0/24:0,8589934592,0,-4,0,8589934589,0,3,0,0,0,-3,0,-3,5,4,0,0,0,-8589934591,5,0,0,0/24:0,8589934589,0,0,0,0,0,0,-3,-8589934592,0,0,0,-1099511627777,-8589934592,0,0,0,0,0,0,-8589934599,0,0/24:0,0,0,0,0,0,0,0,0,0,0,0,1,1,0,0,0,0,0,0,0,0,0,0|F:
1|1000000007|0||T:0
8|97|0,1,2,5,6,7|16:2147483646,0,0,91,97,0,0,4294967295,0,3,-2147483648,5,0,-8589934592,0,0/16:0,0,-1,-1,0,0,0,0,1,1,0,0,0,0,0,0/16:0,-8589934592,0,4294967295,-1,2147483646,0,0,0,8589934589,-8589934599,4294967295,8589934589,-1,0,97/16:-8589934592,2147483649,-8589934599,0,-1,4294967294,0,8589934592,0,-4,0,91,-2147483646,1073741823,1073741823,7/16:0,0,0,0,2,1,0,0,0,0,-2,-1,0,0,0,0|F:0,1,2,4,5,6,7
8|97|0,1,2,4,5,6,7|16:2147483646,0,0,91,97,0,0,4294967295,0,3,-2147483648,5,0,-8589934592,0,0/16:0,0,-1,-1,0,0,0,0,1,1,0,0,0,0,0,0/16:0,-8589934592,0,4294967295,-1,2147483646,0,0,0,8589934589,-8589934599,4294967295,8589934589,-1,0,97/16:-8589934592,2147483649,-8589934599,0,-1,4294967294,0,8589934592,0,-4,0,91,-2147483646,1073741823,1073741823,7/16:0,0,0,0,2,1,0,0,0,0,-2,-1,0,0,0,0/16:0,0,0,1,0,0,0,0,0,0,0,0,0,0,0,0|F:0,1,2,4,5,6,7
4|1000000007|3|8:3,2,5,0,0,0,3,-5|F:3
12|1000000007|-1|24:8589934592,0,0,0,-3,0,3,0,3,0,-8589934592,5,0,0,-3,3,-2,0,-3,8589934592,0,0,-8589934591,4/24:2,1,0,0,0,0,0,0,0,0,0,0,0,0,0,0,0,0,0,0,0,0,-2,-1/24:-8589934592,-4,1,0,-1,-3,-3,-2,0,0,-5,-1,0,5,3,1,-1099511627777,0,0,8589934589,5,3,-4,0/24:-8589934599,-4,8589934592,0,0,-3,-5,0,8589934593,-1099511627777,0,-4,0,1099511627776,1,0,0,0,2,8589934589,4,0,0,3/24:-1,0,0,-4,5,-1099511627777,-8589934599,0,-8589934592,1099511627776,0,0,-1099511627777,8589934589,8589934589,0,0,8589934592,0,0,0,0,1099511627776,0/24:-2,0,8589934592,-4,8589934593,-3,8589934589,0,0,0,0,-8589934599,-1,2,0,-5,8589934593,-3,0,0,1,1099511627776,2,8589934593/24:0,0,0,-3,-1099511627777,0,0,-3,1099511627776,1,8589934592,-1,-4,-3,0,0,0,1,-8589934591,8589934589,0,0,-5,0/24:0,0,0,0,0,0,0,0,0,0,0,0,0,0,0,0,0,0,0,0,-3,-1,3,1/24:1,1,0,0,0,0,0,0,0,0,0,0,0,0,0,0,0,0,0,0,0,0,-1,-1/24:0,0,0,0,-1099511627777,8589934593,0,0,1099511627776,8589934593,0,-8589934591,1099511627776,2,-8589934599,0,0,0,3,0,-8589934599,0,0,1/24:-1099511627777,8589934589,0,0,1,8589934593,-8589934591,-2,-2,1099511627776,0,-4,8589934592,0,-2,-4,8589934593,-3,0,-8589934599,0,0,0,-3/24:8589934592,-5,8589934589,1,-3,0,-8589934592,-1099511627777,-2,-8589934591,0,-5,-5,-4,-8589934592,2,-8589934591,-4,3,8589934593,-8589934599,8589934589,0,0/24:0,0,0,0,0,0,0,0,0,0,3,1,0,0,0,0,0,0,-3,-1,0,0,0,0/24:5,0,-4,-8589934599,8589934589,0,0,-8589934599,-1,8589934592,0,0,4,8589934593,8589934592,1,-1,0,0,0,1,0,-3,0/24:-4,0,0,0,0,-2,0,-4,0,8589934593,0,-8589934592,1099511627776,0,0,2,-4,-2,-1099511627777,8589934592,-5,-3,0,0|F:-1
9|7|8|18:0,0,0,0,0,0,1,0,0,0,0,0,0,0,0,0,-1,0/18:0,0,2,1,0,0,0,0,0,0,0,0,-2,-1,0,0,0,0/18:2,0,0,0,0,0,0,0,0,0,0,0,0,0,0,0,-5,0/18:0,0,0,0,0,0,5,0,0,0,0,0,0,0,2,92,0,2147483646|F:8
11|2147483647|0,1,2,3,4,5,6,7,8,9,10|22:0,0,0,0,-5,0,0,-2147483647,2,2147483646,92,90,0,91,0,0,0,0,0,0,4294967295,0/22:3,6,0,98,-1099511627777,-2147483646,8589934589,0,6,0,0,-2147483646,5,-5,8589934593,2147483646,0,0,0,92,0,0/22:0,90,0,97,-5,0,5,-4,0,8,0,0,0,2,-8589934599,0,-2,0,-3,0,2147483645,0/22:0,8,-2147483646,0,0,0,0,0,0,-8589934591,0,-1099511627777,0,-1099511627777,0,0,3,7,0,0,8589934593,98/22:0,2147483649,0,2147483649,-2147483646,-8589934599,8589934592,4,98,5,0,0,-5,0,0,0,0,2147483649,-8589934592,-8589934591,98,1/22:-8589934591,-1,8,-1,0,0,4294967294,0,4294967295,0,92,4294967295,0,2,0,2147483645,0,0,8589934592,0,4,2/22:2147483648,0,8589934593,1,3,2147483647,0,0,0,-8589934599,-2147483648,2147483649,0,-5,-8589934592,0,5,0,-4,4,8,0|T:0,1,2,3,4,5,6,7,8,9,10
2|7|0|4:0,0,0,0/4:0,4,5,5/4:-1,0,0,0/4:0,0,5,0/4:0,0,0,0/4:-5,0,-4,0/4:0,0,0,0|T:0,1
9|1000000007||18:0,0,0,0,-3,-1,0,0,0,0,0,0,0,0,3,1,0,0/18:0,0,1,1,0,0,0,0,-1,-1,0,0,0,0,0,0,0,0/18:0,0,0,0,0,0,1,3,0,0,0,0,0,0,-1,-3,0,0/18:1,5,-4,4,-5,-4,-1099511627777,2,-1099511627777,2,0,5,5,4,-1,0,-4,-1/18:8589934592,-1099511627777,-8589934599,8589934592,8589934589,1099511627776,-5,-4,3,4,4,1,8589934592,-2,0,8589934592,0,-4/18:-1099511627777,1099511627776,-5,-8589934599,8589934593,1,1,-1099511627777,8589934592,8589934589,4,-4,-1,8589934589,-2,8589934592,-8589934592,-5/18:-2,8589934592,1,8589934592,4,-1,-3,1,-8589934592,-5,-8589934591,8589934592,-8589934591,4,-1,8589934593,-4,3/18:2,8589934589,4,1,-3,5,1,8589934592,5,8589934589,4,3,-3,-8589934592,8589934589,-8589934592,8589934589,-8589934591/18:1099511627776,0,4,8589934593,-1,-4,1099511627776,-8589934591,-3,8589934592,8589934589,8589934593,-4,5,3,-1099511627777,-3,4/18:-2,2,-3,5,-8589934591,8589934592,-3,-8589934599,8589934589,-1,8589934593,1099511627776,-4,-8589934599,2,-8589934592,-4,-8589934599/18:3,-2,1,3,0,1,0,-8589934592,-8589934599,-1099511627777,-1,8589934593,0,-4,4,-8589934591,5,-3/18:-5,0,-3,8589934593,-8589934592,8589934589,-8589934591,-5,1,0,8589934589,8589934592,-1,-1,-4,-8589934599,-8589934591,2/18:8589934589,-4,1099511627776,-4,-1099511627777,4,-4,-8589934592,-2,2,-4,5,0,8589934589,-5,3,1099511627776,-8589934599|F:
9|1000000007||18:0,0,0,0,-3,-1,0,0,0,0,0,0,0,0,3,1,0,0/18:0,0,1,1,0,0,0,0,-1,-1,0,0,0,0,0,0,0,0/18:0,0,0,0,0,0,1,3,0,0,0,0,0,0,-1,-3,0,0/18:1,5,-4,4,-5,-4,-1099511627777,2,-1099511627777,2,0,5,5,4,-1,0,-4,-1/18:8589934592,-1099511627777,-8589934599,8589934592,8589934589,1099511627776,-5,-4,3,4,4,1,8589934592,-2,0,8589934592,0,-4/18:-1099511627777,1099511627776,-5,-8589934599,8589934593,1,1,-1099511627777,8589934592,8589934589,4,-4,-1,8589934589,-2,8589934592,-8589934592,-5/18:-2,8589934592,1,8589934592,4,-1,-3,1,-8589934592,-5,-8589934591,8589934592,-8589934591,4,-1,8589934593,-4,3/18:2,8589934589,4,1,-3,5,1,8589934592,5,8589934589,4,3,-3,-8589934592,8589934589,-8589934592,8589934589,-8589934591/18:1099511627776,0,4,8589934593,-1,-4,1099511627776,-8589934591,-3,8589934592,8589934589,8589934593,-4,5,3,-1099511627777,-3,4/18:-2,2,-3,5,-8589934591,8589934592,-3,-8589934599,8589934589,-1,8589934593,1099511627776,-4,-8589934599,2,-8589934592,-4,-8589934599/18:3,-2,1,3,0,1,0,-8589934592,-8589934599,-1099511627777,-1,8589934593,0,-4,4,-8589934591,5,-3/18:-5,0,-3,8589934593,-8589934592,8589934589,-8589934591,-5,1,0,8589934589,8589934592,-1,-1,-4,-8589934599,-8589934591,2/18:8589934589,-4,1099511627776,-4,-1099511627777,4,-4,-8589934592,-2,2,-4,5,0,8589934589,-5,3,1099511627776,-8589934599/18:0,0,0,0,0,0,0,1,0,0,0,0,0,0,0,0,0,0|F:
8|2147483647||16:0,0,0,0,1,0,-1,0,0,0,0,0,0,0,0,0|F:
8|2147483647||16:0,0,0,0,1,0,-1,0,0,0,0,0,0,0,0,0/16:0,0,1,1,0,0,0,0,0,0,0,0,0,0,0,0|F:
9|97|1,5,7|18:8589934593,0,98,0,0,0,2,0,0,-1099511627777,-8589934592,-8589934591,0,0,0,0,-2147483648,0/18:-1099511627777,0,0,0,0,-2147483646,8589934593,0,0,0,0,-8589934599,-8589934591,0,0,0,0,0|F:1,5,7
7|1000000007|-2,0,1,2,3,4,5,6|14:3,0,-5,-2,-4,0,0,1,3,5,0,0,5,0/14:-1,-1,0,0,0,0,1,1,0,0,0,0,0,0/14:2,0,0,0,0,-5,4,4,-2,0,0,0,0,0|T:-2,0,1,2,3,4,5,6
9|97||18:1099511627776,3,8589934593,-8589934592,-5,2,8589934589,-5,-1,8589934593,8589934593,-8589934592,-1,-8589934592,2,1099511627776,-5,-4/18:0,4,-4,4,2,3,1099511627776,-8589934591,-8589934592,-1099511627777,-5,-5,8589934593,4,8589934592,-8589934599,5,1099511627776/18:-1099511627777,1,-8589934592,-5,1099511627776,-8589934592,-8589934599,-8589934599,-1099511627777,8589934589,-1,3,3,-8589934592,-3,8589934593,-1099511627777,-1/18:-4,2,-1,3,-1,2,1,0,8589934592,-2,-4,-1099511627777,-1099511627777,-8589934599,-1,5,-2,2/18:-4,-3,8589934593,-2,0,1099511627776,2,-8589934599,8589934592,1099511627776,-8589934591,5,3,-5,4,4,2,2/18:4,-5,-4,4,-1,4,-4,-4,8589934589,8589934593,-3,8589934593,4,-1099511627777,-5,-4,0,-1099511627777|F:
4|91|0,1,1,2|8:-5,0,2147483646,0,0,-3,0,8/8:0,0,0,0,0,7,0,91/8:0,0,4294967295,0,7,0,7,0/8:2147483645,91,7,0,0,90,0,-1/8:3,1,0,0,-3,-1,0,0/8:0,0,2,1,0,0,-2,-1/8:0,0,0,0,0,0,0,0|F:0,1,2
10|97|0,1,2,3,4,5,6|20:0,0,0,-4,0,0,0,0,-8589934592,0,5,5,1073741823,0,1073741823,0,0,0,0,0/20:0,0,0,0,1,-2,-1,2,0,0,0,0,0,0,0,0,0,0,0,0/20:0,0,0,0,-2147483646,2,0,0,96,0,-2147483646,0,0,8589934593,0,0,0,0,4294967294,2147483646|F:0,1,2,3,4,5,6,9
12|1000000007|0,2,4,5,6,7|24:0,0,0,0,-4,0,0,0,0,0,-3,0,3,0,0,-5,0,-3,0,0,0,0,-1,0/24:0,0,3,1,0,0,-3,-1,0,0,0,0,0,0,0,0,0,0,0,0,0,0,0,0/24:2,-1,0,0,-3,0,2,0,1,5,2,2,-5,5,0,0,0,0,-4,0,0,0,0,0/24:-3,-3,2,5,-3,2,0,5,0,0,0,0,5,-3,0,0,4,0,0,5,0,-2,0,3/24:0,-1,0,0,0,0,0,0,3,2,0,2,0,0,0,-2,0,0,0,0,0,-2,0,0/24:-5,0,0,0,0,0,0,0,0,0,0,0,-1,0,0,0,0,0,0,0,0,0,0,0/24:0,0,0,0,0,0,0,0,0,0,0,0,0,0,0,0,0,0,0,-1,0,-5,0,0/24:0,0,0,0,-1,2,0,0,0,0,1,-2,0,0,0,0,0,0,0,0,0,0,0,0/24:0,0,0,0,0,0,0,0,0,-2,3,1,0,0,5,0,0,0,0,0,0,5,0,0/24:0,0,0,0,0,0,-1,0,0,0,0,0,0,0,0,0,0,0,1,0,0,0,0,0/24:3,1,0,0,0,0,0,0,-3,-1,0,0,0,0,0,0,0,0,0,0,0,0,0,0/24:0,0,0,0,0,-5,0,0,0,0,0,1,1,0,0,0,0,-3,0,0,0,0,0,2/24:0,0,0,0,0,0,0,-1,0,0,0,0,0,0,0,0,0,0,0,-2,0,0,-2,0/24:0,0,0,0,0,0,0,0,1,0,-1,0,0,0,0,0,0,0,0,0,0,0,0,0/24:0,0,0,0,0,0,0,0,-3,0,0,0,-4,-4,0,0,0,0,0,0,0,0,0,4/24:0,0,0,0,0,0,0,0,-4,0,0,0,5,4,0,4,0,0,0,-1,0,0,0,0/24:-1,0,0,0,0,0,-4,0,-1,0,0,0,0,-3,0,-4,0,0,0,0,-1,0,0,0/24:0,0,0,0,0,0,0,0,0,0,0,0,0,0,0,0,0,0,-3,0,0,-5,0,0/24:0,0,-3,-1,0,0,0,0,0,0,0,0,0,0,3,1,0,0,0,0,0,0,0,0/24:0,0,0,0,0,0,0,0,1,3,0,0,0,0,0,0,-1,-3,0,0,0,0,0,0/24:0,0,0,0,-4,0,0,0,0,0,0,0,0,0,0,0,-1,-1,0,0,0,0,-2,1/24:0,0,0,0,0,0,0,0,0,0,0,0,0,0,0,0,0,0,0,0,0,0,0,0|T:0,1,2,3,4,5,6,7,8,9,10,11
10|7|0,2|20:-4,2,-8589934599,0,3,-1099511627777,1,-4,-2,-3,1099511627776,-5,5,1099511627776,2,-2,-1,2,-3,-1/20:5,1,-1,2,5,8589934593,4,-1099511627777,1,8589934592,-3,-1,-2,-3,8589934593,-8589934592,-8589934599,-8589934591,2,2/20:8589934589,2,-1,5,0,-1,-8589934599,-1,-3,-8589934591,4,-4,-8589934592,2,-1099511627777,-5,2,-8589934599,2,-4/20:8589934592,2,8589934593,8589934589,8589934589,4,-8589934599,-1,-1,5,1,-3,-1099511627777,2,0,0,8589934589,2,3,3/20:-8589934591,3,3,1,1099511627776,3,-3,-1099511627777,8589934589,-8589934599,8589934592,8589934589,1,1099511627776,-8589934592,-2,-8589934591,-2,8589934592,5/20:1,8589934593,-2,8589934593,3,-1099511627777,-4,1,2,1099511627776,8589934593,-5,-4,-2,-4,8589934592,3,5,1,-3/20:-5,3,-8589934592,1,-4,1099511627776,-8589934599,-4,-8589934599,-1099511627777,8589934593,1,-5,2,0,8589934589,-8589934599,8589934592,-1099511627777,-8589934599/20:3,-4,-8589934592,1,-8589934591,-1099511627777,-3,-3,-2,-8589934591,5,-8589934592,2,-8589934592,-8589934599,5,4,-5,-8589934591,8589934593/20:-1099511627777,3,1,8589934592,-1,1099511627776,-8589934592,3,4,-8589934591,-8589934592,-1099511627777,4,-2,1099511627776,5,-2,-5,8589934593,4/20:-8589934599,-8589934591,-8589934599,0,-8589934599,-2,2,-4,3,8589934589,-5,-1099511627777,-2,5,3,-5,-5,-5,4,-4/20:4,-1099511627777,-1,-1099511627777,-8589934591,8589934589,4,8589934592,8589934589,1,1,-1,-8589934599,-3,-8589934592,-2,8589934589,2,-2,1/20:-8589934592,-5,8589934592,8589934589,0,0,-8589934592,-1,5,0,0,1,0,0,-5,1099511627776,-8589934591,8589934593,-5,8589934589|F:0,2
10|7|0,2|20:-4,2,-8589934599,0,3,-1099511627777,1,-4,-2,-3,1099511627776,-5,5,1099511627776,2,-2,-1,2,-3,-1/20:5,1,-1,2,5,8589934593,4,-1099511627777,1,8589934592,-3,-1,-2,-3,8589934593,-8589934592,-8589934599,-8589934591,2,2/20:8589934589,2,-1,5,0,-1,-8589934599,-1,-3,-8589934591,4,-4,-8589934592,2,-1099511627777,-5,2,-8589934599,2,-4/20:8589934592,2,8589934593,8589934589,8589934589,4,-8589934599,-1,-1,5,1,-3,-1099511627777,2,0,0,8589934589,2,3,3/20:-8589934591,3,3,1,1099511627776,3,-3,-1099511627777,8589934589,-8589934599,8589934592,8589934589,1,1099511627776,-8589934592,-2,-8589934591,-2,8589934592,5/20:1,8589934593,-2,8589934593,3,-1099511627777,-4,1,2,1099511627776,8589934593,-5,-4,-2,-4,8589934592,3,5,1,-3/20:-5,3,-8589934592,1,-4,1099511627776,-8589934599,-4,-8589934599,-1099511627777,8589934593,1,-5,2,0,8589934589,-8589934599,8589934592,-1099511627777,-8589934599/20:3,-4,-8589934592,1,-8589934591,-1099511627777,-3,-3,-2,-8589934591,5,-8589934592,2,-8589934592,-8589934599,5,4,-5,-8589934591,8589934593/20:-1099511627777,3,1,8589934592,-1,1099511627776,-8589934592,3,4,-8589934591,-8589934592,-1099511627777,4,-2,1099511627776,5,-2,-5,8589934593,4/20:-8589934599,-8589934591,-8589934599,0,-8589934599,-2,2,-4,3,8589934589,-5,-1099511627777,-2,5,3,-5,-5,-5,4,-4/20:4,-1099511627777,-1,-1099511627777,-8589934591,8589934589,4,8589934592,8589934589,1,1,-1,-8589934599,-3,-8589934592,-2,8589934589,2,-2,1/20:-8589934592,-5,8589934592,8589934589,0,0,-8589934592,-1,5,0,0,1,0,0,-5,1099511627776,-8589934591,8589934593,-5,8589934589/20:0,0,0,0,0,0,0,0,0,0,0,0,0,0,0,1,0,0,0,0|F:0,2
2|1000000007||4:-1,-2,1,2|F:
2|1000000007||4:-1,-2,1,2/4:1,1,0,0|F:
2|91|0,1|4:1,1,-1,-1/4:-1,-2,1,2/4:-8589934592,1099511627776,0,0/4:0,1,0,-1|T:0,1
9|91||18:0,-1,0,0,0,0,0,0,0,0,0,0,0,0,0,1,0,0/18:0,0,0,0,0,0,0,-1,0,0,0,0,0,0,0,0,0,1/18:-1,-4,5,5,0,-3,5,-2,-3,-5,5,-1,2,3,-5,4,-1,4/18:-3,-5,4,0,4,4,-1,2,4,1,3,3,-3,4,0,2,-5,5/18:-5,1,4,-1,5,2,-4,2,0,1,0,2,2,4,-4,-5,2,4/18:-5,4,1,-3,5,4,-3,3,-5,-5,-3,0,1,-4,4,-3,-1,2/18:0,0,0,0,0,0,0,0,0,0,0,0,0,0,0,0,0,0|F:
5|97|0,1|10:0,0,0,0,0,0,0,0,0,0/10:0,0,0,0,0,0,0,0,0,0/10:0,-1,0,0,0,1,0,0,0,0/10:0,0,0,0,0,0,-8589934599,8589934592,0,0/10:0,1099511627776,0,0,0,0,0,0,8589934589,0/10:0,0,0,0,0,0,0,0,0,0|F:0,1
5|97|0,1|10:0,0,0,0,0,0,0,0,0,0/10:0,0,0,0,0,0,0,0,0,0/10:0,-1,0,0,0,1,0,0,0,0/10:0,0,0,0,0,0,-8589934599,8589934592,0,0/10:0,1099511627776,0,0,0,0,0,0,8589934589,0/10:0,0,0,0,0,0,0,0,0,0/10:0,1,0,0,0,0,0,0,0,0|F:0,1
10|91||20:0,0,0,0,0,0,0,0,0,0,0,0,0,0,-1,-3,1,3,0,0/20:7,2147483646,3,1073741823,2,-4,1,92,7,5,-3,3,-3,97,92,-1,-3,5,91,96/20:-1,3,-1,2147483645,4,4294967294,-2147483648,-1,2147483649,1073741823,1,-2147483646,-2147483647,1073741823,6,-2147483647,-3,2147483647,-3,-4/20:0,0,0,0,-1,-3,1,3,0,0,0,0,0,0,0,0,0,0,0,0/20:-2147483648,-2147483646,4,2,5,2,2,5,3,5,-2147483647,2147483645,97,-5,-3,96,90,91,-1,2147483648/20:0,0,0,0,0,0,0,0,0,0,0,0,1,1,0,0,0,0,-1,-1/20:-2147483648,97,2147483649,97,2147483646,8,-2147483646,1,4294967294,-5,-1,-2147483646,4294967295,4294967294,5,-2147483647,2147483646,4294967294,2147483648,2147483646/20:5,2147483645,4294967294,98,2147483648,-2147483648,-1,97,91,-2147483646,-5,-1,-4,-4,90,-2147483646,5,8,91,4/20:-5,2147483647,2147483645,1073741823,5,2147483646,91,97,98,2147483648,0,1,-2,-2147483646,-2147483646,97,2147483647,91,8,-5/20:7,1073741823,4294967295,-4,2147483648,-4,90,-2147483647,8,3,-2147483646,-5,4294967295,2147483646,2147483646,-5,6,1,-4,7/20:0,0,0,0,0,0,0,0,0,0,0,0,-1,-1,0,0,0,0,1,1/20:-4,5,-1,2147483646,-2,96,6,-2147483647,2147483646,4294967295,-2147483647,3,6,2,-2147483648,-1,-4,-2147483646,92,2147483646/20:3,-2,6,92,1,92,4,2,98,5,90,8,97,2147483649,-2147483646,0,8,90,-2147483646,2147483646/20:0,0,0,0,0,0,0,0,0,0,1,3,0,0,0,0,0,0,-1,-3|F:
10|91||20:0,0,0,0,0,0,0,0,0,0,0,0,0,0,-1,-3,1,3,0,0/20:7,2147483646,3,1073741823,2,-4,1,92,7,5,-3,3,-3,97,92,-1,-3,5,91,96/20:-1,3,-1,2147483645,4,4294967294,-2147483648,-1,2147483649,1073741823,1,-2147483646,-2147483647,1073741823,6,-2147483647,-3,2147483647,-3,-4/20:0,0,0,0,-1,-3,1,3,0,0,0,0,0,0,0,0,0,0,0,0/20:-2147483648,-2147483646,4,2,5,2,2,5,3,5,-2147483647,2147483645,97,-5,-3,96,90,91,-1,2147483648/20:0,0,0,0,0,0,0,0,0,0,0,0,1,1,0,0,0,0,-1,-1/20:-2147483648,97,2147483649,97,2147483646,8,-2147483646,1,4294967294,-5,-1,-2147483646,4294967295,4294967294,5,-2147483647,2147483646,4294967294,2147483648,2147483646/20:5,2147483645,4294967294,98,2147483648,-2147483648,-1,97,91,-2147483646,-5,-1,-4,-4,90,-2147483646,5,8,91,4/20:-5,2147483647,2147483645,1073741823,5,2147483646,91,97,98,2147483648,0,1,-2,-2147483646,-2147483646,97,2147483647,91,8,-5/20:7,1073741823,4294967295,-4,2147483648,-4,90,-2147483647,8,3,-2147483646,-5,4294967295,2147483646,2147483646,-5,6,1,-4,7/20:0,0,0,0,0,0,0,0,0,0,0,0,-1,-1,0,0,0,0,1,1/20:-4,5,-1,2147483646,-2,96,6,-2147483647,2147483646,4294967295,-2147483647,3,6,2,-2147483648,-1,-4,-2147483646,92,2147483646/20:3,-2,6,92,1,92,4,2,98,5,90,8,97,2147483649,-2147483646,0,8,90,-2147483646,2147483646/20:0,0,0,0,0,0,0,0,0,0,1,3,0,0,0,0,0,0,-1,-3/20:0,0,0,0,0,0,0,0,0,0,0,0,1,2,0,0,0,0,0,0|F:
10|2147483647|0,2,4,5,5,7,9|20:-8589934592,0,0,98,2,0,1099511627776,0,0,-5,0,0,-4,0,0,0,0,0,0,0/20:1073741823,0,-8589934592,0,0,4294967294,97,0,0,0,0,0,0,96,-2147483648,0,0,0,0,0/20:96,0,0,0,0,0,0,0,0,0,1099511627776,0,0,-2147483648,8589934593,-2147483646,0,0,0,0/20:0,0,0,0,0,92,0,2147483647,0,0,0,1,0,0,0,0,0,0,0,0/20:0,2147483649,4294967294,-1,0,0,3,0,1099511627776,0,0,0,0,0,0,0,0,0,0,0/20:0,0,2147483649,0,0,0,0,0,0,-2147483648,0,-2147483646,0,0,-3,98,91,1073741823,0,-8589934591/20:0,0,0,0,-2147483646,0,0,0,0,0,0,92,0,0,-3,0,0,0,0,0/20:0,0,0,0,0,97,0,92,0,2,0,0,6,0,0,2147483649,0,0,0,0/20:96,0,0,0,0,0,1073741823,0,0,0,0,0,0,0,0,0,0,0,0,0/20:0,0,0,0,0,0,-8589934592,0,0,0,-4,91,0,90,-2147483647,0,0,0,0,92/20:-1099511627777,0,0,0,4,0,0,1099511627776,3,97,0,0,0,0,0,0,8589934589,0,-2147483647,0/20:0,0,0,0,0,0,0,1,0,2147483648,0,0,8589934593,5,0,0,4294967295,0,0,91/20:-2147483648,0,0,0,0,0,0,0,0,0,0,0,0,0,0,0,0,0,1,0/20:92,4294967295,0,5,0,8,0,4294967294,3,0,0,0,0,0,0,0,0,8,2147483646,0/20:0,0,0,0,0,0,0,0,3,1,0,0,0,0,0,0,0,0,-3,-1/20:-2,-1,0,0,0,0,0,0,0,0,0,0,0,0,2,1,0,0,0,0/20:0,0,0,0,8589934593,0,0,0,0,0,0,96,0,96,0,0,0,0,-8589934599,0/20:0,0,0,1099511627776,0,0,0,0,0,0,-2147483648,0,7,0,8589934593,0,-8589934592,0,0,0/20:-2,0,0,-4,0,96,-3,2147483648,-3,0,4,-2147483648,0,2147483646,0,0,0,0,0,0|T:0,1,2,3,4,5,6,7,8,9
5|1000000007|0,1,2,3|10:0,0,4,-4,0,0,-4,0,0,0/10:0,0,0,0,0,0,0,3,0,0/10:0,0,0,0,0,0,5,-4,0,0/10:-1,-3,0,0,1,3,0,0,0,0/10:0,0,4,0,0,0,0,0,0,-3/10:0,-2,0,4,0,0,0,0,0,0/10:0,0,0,0,-5,0,0,0,0,-1|F:0,1,2,3
3|2147483647||6:0,-1,0,1,0,0/6:-1,-2,1,2,0,0/6:0,0,0,0,0,0/6:-5,0,0,0,2,0/6:0,5,4,-1,0,-1099511627777/6:0,0,0,-1,0,0/6:0,0,1,1,-1,-1/6:-5,0,0,0,4,0|T:0,1,2
8|97|2,3,3|16:0,4,1073741823,-2,4294967294,-3,-5,-1,-1,-1,2147483645,-4,-3,7,4294967295,4/16:98,7,1073741823,7,1,2147483647,1073741823,-2147483648,2,-3,2147483645,-2147483648,91,0,3,-5/16:2147483646,97,2147483647,2147483648,2147483648,4294967294,-4,91,7,4,6,4294967295,97,4294967295,-2147483648,7/16:2147483649,-2147483648,92,96,6,8,4294967295,1073741823,-5,96,-2147483646,2147483646,-4,90,91,-4/16:-2,7,8,-2147483648,-5,4294967294,1073741823,2147483649,90,2,2147483647,-2,4294967295,2147483649,5,91/16:1,2,0,0,0,0,0,0,0,0,0,0,0,0,-1,-2/16:97,91,1073741823,-2,5,4294967294,4294967295,92,92,4,97,7,7,-2147483646,90,-3/16:-2147483647,7,-4,96,-2,98,2,4,6,2147483647,97,90,4,-5,8,6/16:0,0,0,0,0,0,-1,-3,1,3,0,0,0,0,0,0/16:3,4294967295,2147483647,7,5,-5,6,92,-5,2147483646,0,7,1,98,98,5/16:0,0,0,0,0,0,0,1,0,0,0,0,0,-1,0,0/16:0,-2,4294967295,2147483647,4,92,96,2147483649,4,96,2147483647,-1,4294967295,2147483645,97,-3|T:0,1,2,3,4,5,6,7
4|2147483647||8:0,0,0,0,0,0,0,0/8:-2147483648,2147483645,-1099511627777,-8589934592,2147483645,-2147483647,4294967294,-5/8:0,0,1,3,0,0,-1,-3/8:3,1,-3,-1,0,0,0,0/8:-3,-2147483646,-2147483647,8589934589,98,8,-1,98|F:
3|1000000007|0,1,2|6:0,4,-2,-1,0,0/6:0,0,-2,-1,2,1/6:0,0,0,0,5,-1/6:0,0,4,0,0,5/6:0,0,0,0,0,0/6:0,0,1,0,-1,0/6:0,0,0,0,0,0|T:0,1,2
7|1000000007||14:-1,-2,1,2,0,0,0,0,0,0,0,0,0,0/14:-1,-8589934592,-1099511627777,8589934593,-8589934591,4,8589934593,5,1099511627776,-8589934591,-8589934599,-4,-5,3/14:0,0,0,0,0,0,0,0,1,3,-1,-3,0,0/14:-8589934599,1099511627776,5,-4,-2,1,8589934592,1,8589934589,-8589934599,-4,-8589934591,5,-1099511627777/14:-5,-8589934592,8589934589,8589934593,-3,1,-1,8589934593,-8589934592,-8589934591,8589934593,5,0,8589934592/14:-4,-3,-8589934599,-8589934591,-8589934591,-8589934591,8589934589,1099511627776,4,-8589934591,3,-8589934592,8589934589,8589934589/14:8589934592,-1099511627777,-1099511627777,8589934593,8589934589,-5,4,-8589934599,5,1,1099511627776,-8589934591,8589934593,-1/14:0,0,0,0,0,0,0,0,-3,-1,3,1,0,0/14:8589934589,-1,0,1,1099511627776,-5,2,-5,-8589934599,8589934589,8589934592,-5,-8589934599,3/14:1,5,1,5,-8589934599,-8589934599,-8589934591,-2,8589934589,4,5,-3,-2,-8589934599/14:0,0,0,0,0,0,1,0,0,0,-1,0,0,0/14:2,-8589934591,3,1099511627776,4,1099511627776,-2,-1099511627777,-8589934591,-4,3,-8589934591,1099511627776,3/14:-2,-3,2,-2,5,0,-8589934592,-5,8589934589,-1099511627777,0,-8589934599,3,5/14:5,8589934593,2,-3,8589934592,1,8589934592,-2,8589934589,1099511627776,-8589934592,-4,8589934593,-5/14:-1,0,0,0,0,0,1,0,0,0,0,0,0,0|T:0,1,2,3,4,5,6
10|1000000007||20:-1,0,0,0,0,0,0,0,0,0,0,0,0,0,0,0,1,0,0,0/20:-1,-2147483648,2147483645,8,90,-3,98,4,-1,2147483647,2147483647,-1,96,7,90,-2147483647,-2147483648,-5,3,2147483647/20:2147483648,-3,-2147483648,92,97,-2147483646,4,2147483648,4294967294,6,2147483649,8,8,1073741823,90,96,-1,8,6,2147483646/20:6,98,4294967295,5,4294967294,92,1073741823,0,91,90,2147483649,97,2147483645,5,-2147483647,2147483646,97,90,0,96/20:5,-4,91,98,2147483647,-5,97,92,-5,1,1,3,-5,-2147483646,-2,4294967294,91,98,96,-2147483648/20:-2147483646,91,2,2147483647,1,6,1,0,2,6,-2147483646,-2,98,2147483649,-2147483646,6,-2147483648,7,-3,-2/20:96,-3,96,4294967295,7,8,1073741823,92,2,3,1073741823,2,97,96,-2147483648,2,2147483645,-2,98,2147483649/20:0,0,0,0,0,0,3,1,0,0,-3,-1,0,0,0,0,0,0,0,0/20:5,-2147483648,-1,1,8,98,1,97,2147483647,2147483647,1073741823,0,-2147483646,-2,92,1073741823,92,2147483648,2147483647,2147483649/20:0,0,0,0,0,0,0,0,0,0,-1,-2,0,0,1,2,0,0,0,0/20:91,1,6,-2147483648,2147483647,0,91,96,2,4294967294,6,-2147483646,-2147483648,-5,2147483646,92,2147483647,91,97,8/20:0,0,0,0,0,0,0,0,0,0,0,0,0,0,0,0,0,0,0,0/20:96,-3,-2147483648,97,2147483647,2147483645,1,97,1073741823,-2147483648,0,-2147483646,96,97,2,-5,91,2147483649,5,-2|F:
8|1000000007|1,2,3,4,5,6,7|16:1,-2,0,0,-1,2,0,0,0,0,0,0,0,0,0,0/16:7,1,96,8,-3,-1,4294967294,-2147483648,98,96,-1099511627777,90,97,4294967294,-5,1073741823/16:2147483648,-5,-4,-8589934592,2147483646,8,2147483649,-3,8589934592,7,96,8589934593,7,7,96,-8589934599/16:0,0,0,0,0,0,0,0,0,0,0,0,-1,0,1,0/16:4294967294,6,0,1099511627776,96,5,2147483648,97,-1,4,3,5,96,6,2147483646,91|T:0,1,2,3,4,5,6,7
11|97|0,1,2,3,5,6,8,9|22:0,0,0,0,0,0,0,0,0,0,0,0,-1,-1,0,0,0,0,1,1,0,0/22:0,0,0,0,0,0,-3,0,0,0,0,0,0,0,0,1,0,0,0,0,5,0/22:2,1,0,0,0,0,0,0,0,0,0,0,0,0,-2,-1,0,0,0,0,0,0/22:-1,0,0,0,0,0,0,0,1,0,0,0,0,0,0,0,0,-5,0,-4,0,-2/22:0,0,0,4,0,0,0,0,0,0,0,0,0,0,0,0,0,4,0,-5,0,0/22:0,0,0,0,0,0,0,0,0,-3,0,0,0,-2,3,0,0,0,0,-2,0,0/22:0,0,0,0,0,0,-1,-2,0,0,0,0,1,2,0,0,0,0,0,0,0,0/22:0,0,0,4,0,0,0,-2,4,5,4,-2,0,0,0,0,-5,3,0,0,0,0/22:0,0,0,0,0,1,0,0,0,0,4,0,0,0,4,0,0,0,-5,0,-1,0/22:0,0,0,0,0,0,0,0,0,0,0,0,0,0,0,0,0,1,0,0,0,-1/22:0,0,0,3,0,0,0,0,0,2,0,0,0,0,0,5,0,0,5,0,0,0/22:0,0,0,0,0,0,0,0,-2,0,0,0,0,0,0,0,0,0,-1,0,0,0/22:0,0,0,0,0,-2,0,0,0,0,0,0,1,2,0,0,0,0,0,0,0,0/22:-5,0,0,0,0,0,0,0,0,0,0,0,0,0,0,0,0,0,0,-2,5,0/22:-1,0,0,0,0,0,0,0,-1,-3,0,0,-1,0,0,0,5,0,0,2,0,0/22:0,0,1,1,0,0,0,0,0,0,0,0,0,0,-1,-1,0,0,0,0,0,0/22:0,0,0,0,0,0,0,0,0,0,0,0,-1,-1,0,0,0,0,0,0,1,1/22:0,0,0,0,0,0,0,0,0,0,-2,0,0,0,0,0,0,2,0,0,0,0/22:0,0,0,0,0,0,1,0,0,0,0,0,5,0,0,0,0,0,0,0,0,-2/22:0,0,0,0,0,0,0,0,0,0,0,0,0,4,0,0,0,0,0,0,0,0|T:0,1,2,3,4,5,6,7,8,9,10
12|91|0,1,2,3,4,5,6,7,8,9,10,11|24:-8589934592,2,8589934593,3,-1,-5,3,1099511627776,-4,-4,-1,4,-5,-1,-1,1,8589934592,1099511627776,-5,5,-3,8589934592,3,1/24:-8589934599,8589934593,8589934593,8589934593,-4,-3,8589934589,4,-1099511627777,0,1099511627776,-1,8589934589,-1,1099511627776,-4,-8589934599,5,8589934592,8589934593,1,4,-8589934599,-8589934592/24:0,0,0,0,0,0,0,0,0,0,1,-2,-1,2,0,0,0,0,0,0,0,0,0,0/24:0,0,0,0,0,0,1,3,0,0,-1,-3,0,0,0,0,0,0,0,0,0,0,0,0/24:-8589934599,8589934593,5,-3,-8589934599,1099511627776,0,-1,1099511627776,-1099511627777,-5,1099511627776,-1099511627777,-5,-2,-8589934591,8589934592,2,-3,4,5,-2,3,-8589934591/24:-8589934591,-5,-8589934599,5,-3,0,-4,2,-4,-1099511627777,-8589934599,2,-4,0,8589934589,-2,1,8589934593,8589934592,-4,1,-4,-4,-8589934591/24:5,2,8589934589,1,-8589934591,4,8589934592,1,-5,-8589934592,1,-2,8589934593,-5,-8589934591,-4,-8589934599,-3,2,-8589934591,-5,0,-3,-8589934591/24:0,0,0,0,3,1,0,0,0,0,0,0,0,0,0,0,-3,-1,0,0,0,0,0,0/24:0,0,0,0,0,0,0,0,0,0,0,0,0,0,0,0,0,0,0,0,0,0,0,0/24:-8589934591,5,-5,8589934589,5,4,-8589934591,5,8589934593,2,4,1099511627776,2,-8589934591,-8589934599,0,8589934592,-8589934592,-5,5,-4,1099511627776,5,2|T:0,1,2,3,4,5,6,7,8,9,10,11
3|7|0,1,2|6:-2,-1,0,0,2,1/6:0,0,0,0,0,0/6:0,0,0,0,-2,0/6:0,0,0,2,0,97/6:0,0,-2147483648,0,0,0/6:0,0,3,0,0,0/6:0,0,0,0,0,0|T:0,1,2
12|97|0,1,2,3,4,5,6,7,8,9,10,11|24:0,0,1073741823,8589934593,0,97,90,0,8,4294967295,0,0,8589934593,0,0,4294967294,8589934593,2147483647,2147483649,2147483648,8589934593,1,-5,-3/24:0,0,0,0,0,0,0,0,0,0,0,0,0,0,0,0,0,1,0,0,0,0,0,-1|T:0,1,2,3,4,5,6,7,8,9,10,11
6|1000000007|0,1,2,3,4,5|12:0,0,5,0,-2,-5,0,5,0,-5,-4,0/12:0,0,0,0,0,0,0,0,0,0,0,0/12:0,0,0,0,0,0,0,0,0,0,0,0/12:0,2,0,0,0,0,0,0,0,0,-3,0/12:0,0,0,0,-5,0,-2,0,0,0,0,0/12:0,0,0,3,0,0,0,0,0,3,0,0/12:0,0,0,0,0,0,0,0,0,0,0,0/12:0,0,0,0,0,0,0,0,0,0,0,0|T:0,1,2,3,4,5
9|7|0,1,5,5,7|18:0,-1,5,0,5,-8589934591,0,-8589934599,1099511627776,1,-8589934591,0,0,-8589934591,1,8589934592,8589934593,0/18:-1,0,3,0,0,8589934589,8589934592,0,-8589934592,3,5,1099511627776,0,4,0,0,-2,0|F:0,1,5,7
2|1000000007|0,0,1|4:0,0,0,0/4:0,0,0,4294967295/4:2147483646,0,0,-2147483648|T:0,1
8|2147483647|1,3,4,5,7|16:-8589934599,-4,91,91,-1,3,0,2147483648,4294967294,2147483648,1,-2147483646,-4,-8589934591,-4,8589934589/16:8589934589,-5,-1099511627777,0,-3,2147483649,8589934593,98,8,1,1099511627776,2147483649,6,-8589934599,3,92/16:4,91,96,-2147483646,8589934592,1099511627776,1099511627776,3,2147483647,5,8589934589,1073741823,90,90,-2,8589934592/16:98,-5,5,6,2147483647,-5,-2147483647,97,-5,-2,5,-2147483647,6,5,5,90/16:8589934593,0,2147483645,97,2,4294967295,-2147483648,0,-1,2147483649,8589934589,-2147483647,-5,-5,-5,6/16:0,0,0,0,0,0,2,1,0,0,-2,-1,0,0,0,0/16:-1,-3,0,0,0,0,0,0,0,0,1,3,0,0,0,0/16:0,0,0,0,-3,-1,3,1,0,0,0,0,0,0,0,0|T:0,1,2,3,4,5,6,7
4|97|0,2|8:0,0,1,3,-1,-3,0,0/8:0,0,0,0,0,0,4,4/8:4,-1,0,-2,0,0,0,0/8:-4,1,0,0,0,0,-1,-3/8:0,-5,0,0,4,0,5,0/8:0,-5,0,-1,0,0,-5,0|T:0,1,2,3
8|91|1,1,4,7|16:0,0,0,0,0,0,0,0,0,0,0,0,-3,-1,3,1/16:0,0,1,0,0,0,0,-2,0,0,0,0,0,0,0,0/16:0,0,-5,0,0,1,0,0,0,0,0,0,0,0,0,0/16:1099511627776,0,0,-8589934599,0,0,0,0,0,-8589934591,0,0,0,0,0,0/16:0,1099511627776,0,0,0,0,-3,0,0,0,0,0,0,0,0,0/16:0,0,0,0,0,0,-1,-2,0,0,0,0,1,2,0,0/16:0,0,0,0,0,-5,-4,0,0,0,1,3,1099511627776,0,0,0/16:1099511627776,0,0,0,0,0,0,0,0,0,0,0,0,0,0,0/16:2,8589934593,0,0,0,0,0,0,0,0,0,1099511627776,0,0,0,0/16:0,0,0,0,0,0,0,0,0,0,1,0,-1,0,0,0/16:0,0,-5,0,0,0,0,0,-1099511627777,-1,0,0,0,0,-3,0/16:0,0,0,0,0,0,0,0,0,0,0,0,0,0,0,0/16:0,0,0,0,0,0,-8589934591,0,0,0,0,0,0,0,0,0|F:1,4,7
8|91|1,4,7|16:0,0,0,0,0,0,0,0,0,0,0,0,-3,-1,3,1/16:0,0,1,0,0,0,0,-2,0,0,0,0,0,0,0,0/16:0,0,-5,0,0,1,0,0,0,0,0,0,0,0,0,0/16:1099511627776,0,0,-8589934599,0,0,0,0,0,-8589934591,0,0,0,0,0,0/16:0,1099511627776,0,0,0,0,-3,0,0,0,0,0,0,0,0,0/16:0,0,0,0,0,0,-1,-2,0,0,0,0,1,2,0,0/16:0,0,0,0,0,-5,-4,0,0,0,1,3,1099511627776,0,0,0/16:1099511627776,0,0,0,0,0,0,0,0,0,0,0,0,0,0,0/16:2,8589934593,0,0,0,0,0,0,0,0,0,1099511627776,0,0,0,0/16:0,0,0,0,0,0,0,0,0,0,1,0,-1,0,0,0/16:0,0,-5,0,0,0,0,0,-1099511627777,-1,0,0,0,0,-3,0/16:0,0,0,0,0,0,0,0,0,0,0,0,0,0,0,0/16:0,0,0,0,0,0,-8589934591,0,0,0,0,0,0,0,0,0/16:1,0,0,0,0,0,0,0,0,0,0,0,0,0,0,0|F:1,4,7
5|91|0,1,2,3,3,4|10:0,1,0,0,0,0,0,0,0,0/10:4,92,0,0,0,0,2147483647,0,-3,0/10:0,0,2147483646,97,0,-4,96,0,0,0/10:-1,0,90,0,2147483648,0,98,98,0,0|T:0,1,2,3,4
4|7||8:0,0,0,92,0,0,0,0/8:0,0,-1,-2,1,2,0,0/8:0,0,0,0,0,0,0,0/8:0,0,0,0,0,0,0,0/8:0,2147483646,-8589934599,0,0,0,0,8589934589|F:
6|7||12:0,0,0,0,0,5,1,0,5,0,0,0/12:0,-3,0,0,0,0,-3,1,3,2,0,0|F:
1|97|0|2:0,0/2:1,5/2:-2,2/2:-8589934591,1|T:0
3|1000000007||6:4294967294,0,0,0,1,-5/6:0,0,0,0,0,0/6:-1,0,1,0,0,0/6:0,1,0,2,4,0/6:-2,-2147483646,0,0,0,97|F:
4|1000000007||8:0,0,0,0,2147483646,-2147483648,0,0/8:0,0,0,0,0,0,0,0/8:0,0,0,0,8,0,0,0/8:0,0,0,0,0,0,0,0/8:1,1,-1,-1,0,0,0,0/8:-2,0,2147483646,0,0,0,4294967295,0/8:0,-3,98,0,0,4294967295,0,0/8:0,0,-2147483648,0,0,0,0,96/8:0,0,0,0,0,0,8589934592,0|F:2
1|7|0|2:0,0|T:0
10|1000000007|2,4,5,6,8|20:8589934589,5,-8589934599,5,-4,1,1099511627776,-1099511627777,3,4,-2,5,2,-5,2,8589934589,4,-1099511627777,-3,1/20:3,5,4,-4,-3,4,-8589934592,1099511627776,-8589934592,-2,8589934589,1099511627776,-8589934592,4,-8589934599,5,4,2,5,8589934589/20:8589934592,-1099511627777,4,-1,-2,-8589934591,-4,1,2,-8589934599,1,-8589934591,4,2,1099511627776,4,1,4,-8589934591,-3/20:2,-3,3,-4,5,4,0,8589934593,0,-2,-1,-8589934591,-8589934591,3,-8589934591,8589934592,8589934589,-5,8589934589,-1099511627777|F:2,4,5,6,8
11|7|1,2,3,5,6,7,9,10|22:1,2,0,0,-1,-2,0,0,0,0,0,0,0,0,0,0,0,0,0,0,0,0/22:0,0,0,0,0,0,0,0,-3,-1,0,0,0,0,3,1,0,0,0,0,0,0/22:0,0,0,0,0,0,0,1073741823,0,0,0,1,0,2147483648,0,0,0,1,0,0,0,2147483648/22:0,0,0,0,0,0,-2,-1,0,0,0,0,0,0,2,1,0,0,0,0,0,0/22:0,0,8,0,98,0,0,0,0,0,0,0,0,0,0,0,0,0,0,0,0,0/22:0,0,0,0,0,0,0,0,0,0,0,0,0,0,0,0,-2147483648,0,0,0,0,0/22:0,0,0,0,0,0,0,0,0,0,0,0,0,0,0,0,0,0,0,0,0,0/22:0,2147483648,2147483647,0,-3,0,0,0,98,0,6,0,7,4,0,0,0,2147483649,0,0,0,0/22:0,0,0,0,0,96,0,0,0,0,0,0,0,0,2147483649,0,-4,0,0,0,0,0/22:0,0,0,0,0,0,0,0,0,0,0,-4,0,0,0,0,2147483649,0,0,0,0,0/22:0,0,0,0,2,0,0,0,0,0,0,0,0,0,0,0,0,0,0,0,3,92/22:0,0,0,0,0,0,0,0,0,0,0,0,0,0,0,0,0,2147483647,-4,1073741823,0,0/22:0,0,0,0,0,0,0,0,0,4294967294,0,0,0,0,0,0,0,0,0,4294967294,0,0/22:0,0,0,0,0,0,0,0,0,0,0,0,0,0,0,0,0,0,0,0,0,0/22:0,0,0,96,0,0,0,0,0,0,0,0,90,0,0,2147483649,5,0,0,0,7,0/22:0,0,0,0,0,0,0,0,0,0,0,0,0,0,0,0,0,0,0,0,0,0/22:0,0,0,0,0,4,0,0,0,0,0,0,0,0,0,0,0,0,0,2,0,0|T:0,1,2,3,4,5,6,7,8,9,10
1|2147483647|||F:
9|7|7,7|18:-1,0,0,0,0,0,0,0,0,0,0,0,1,0,0,0,0,0/18:-4,1,0,0,-2,0,-5,0,0,-1,0,0,0,0,0,0,0,0/18:0,0,0,0,0,3,0,0,0,0,0,-1,0,-1,0,0,-3,0/18:-1,0,0,0,-2,0,0,0,0,0,-4,0,-1,0,0,4,-5,0/18:0,0,2,-1,0,-2,-1,0,0,-2,0,0,0,0,0,0,0,0/18:0,0,0,0,0,0,0,0,2,0,0,0,0,0,-4,2,-5,0|F:7
9|7|7|18:-1,0,0,0,0,0,0,0,0,0,0,0,1,0,0,0,0,0/18:-4,1,0,0,-2,0,-5,0,0,-1,0,0,0,0,0,0,0,0/18:0,0,0,0,0,3,0,0,0,0,0,-1,0,-1,0,0,-3,0/18:-1,0,0,0,-2,0,0,0,0,0,-4,0,-1,0,0,4,-5,0/18:0,0,2,-1,0,-2,-1,0,0,-2,0,0,0,0,0,0,0,0/18:0,0,0,0,0,0,0,0,2,0,0,0,0,0,-4,2,-5,0/18:0,0,1,0,0,0,0,0,0,0,0,0,0,0,0,0,0,0|F:7
1|7|-2,0|2:0,0/2:0,0|T:-2,0
1|91|||F:
8|2147483647|1||F:1
2|2147483647|0|6:-3,-2,-5,-4,-3,-2/3:1,5,-5/7:2,2,1,2,4,-2,1|X:IndexError
1|97||4:1,2,1,-4/5:-1,-4,-4,1,4/3:-4,5,-5|T:0
6|1000000007|2,4|15:5,3,-2,4,-3,4,-4,3,-5,2,-2,-3,4,2,4|F:2,4
4|7|2,3|2:4,-4/8:0,0,5,2,3,4,-2,-1|X:IndexError
6|2147483647|2,3,5|7:0,-2,-5,-1,0,-2,-1|X:IndexError
6|91|0,3,5|5:5,1,-4,-3,5/0:/6:-3,-1,-4,-5,1,0/5:4,1,-2,-3,1|X:IndexError
5|2147483647|0,1,2,4|4:-4,-5,-4,5|X:IndexError
6|2147483647|0,1,2,4,5|2:-2,-5/4:0,1,5,4|X:IndexError
6|91||6:-5,4,-5,4,-3,-3/10:1,2,-4,-4,-2,4,-2,2,2,-3/12:-4,-4,4,2,5,-3,2,3,-4,2,4,1/11:2,-2,-5,-2,-5,2,-4,-4,-2,-5,4|X:IndexError
6|97|0,1,2,3,4|13:3,-4,4,3,4,-2,3,-2,0,3,1,3,5/6:-5,-1,4,-1,-4,0/12:-2,5,-1,-4,3,1,0,0,3,-1,5,0|X:IndexError
5|91||3:-1,1,4/6:5,3,0,5,4,4/5:5,1,-2,2,3|X:IndexError
3|97|1,2|1:2/4:1,-4,4,-1|X:IndexError
3|7||3:0,-2,-2/8:2,-2,-2,4,3,-2,0,2/1:-4/6:-4,5,-3,4,1,-5|X:IndexError
5|2147483647|0|10:-1,-4,-4,2,2,5,-1,4,-4,-3/9:0,5,-4,0,-5,-4,-3,5,0|X:IndexError
5|97|1,3,4|3:-1,0,0/1:3/1:4|X:IndexError
4|2147483647||6:-4,-4,3,-2,-4,-1/2:0,-2|X:IndexError
1|7|0|5:-3,-3,3,5,0/2:-2,3/3:-4,4,-4/1:-3/1:0|T:0
2|91||7:-5,2,4,5,4,-1,1/6:4,5,0,4,2,0|F:
3|1000000007||7:-3,-1,2,5,3,3,3/4:-2,4,3,1/2:2,5|X:IndexError
3|91||0:/0:/5:3,-1,0,1,-5/9:-3,-5,-4,-3,2,4,-3,1,4|X:IndexError
3|7|0,2|0:/9:5,0,0,-4,0,5,-4,2,-3/3:2,0,4/5:0,1,0,5,5/0:|X:IndexError
2|1000000007|1|5:2,0,2,3,-3/4:-3,5,-1,-5/7:-1,4,5,-1,2,-1,-1/6:2,2,5,5,-4,2/7:0,-3,4,-4,0,4,5|T:0,1
5|1000000007|0,1,2,3,4|3:3,3,4/2:-3,3/13:-5,-4,3,5,-1,-2,-3,5,1,-1,-2,-4,-5/0:|T:0,1,2,3,4
6|2147483647||4:4,-1,5,-1|X:IndexError
2|1000000007|0,1|5:-4,1,-2,-5,5/1:3/3:2,1,-4|T:0,1
2|7||6:5,-5,-1,1,5,-2/0:/4:-4,2,0,-3|X:IndexError
4|7|1,2|4:-1,3,-1,4/0:/6:-2,-2,-2,-4,5,2|X:IndexError
1|2147483647||2:3,3/5:2,2,4,0,4/1:4/1:2|X:IndexError
5|2147483647|2,3,4|9:-3,3,-2,-2,1,5,4,-2,0/11:-3,4,-1,-4,2,0,4,-3,5,-2,4/6:-5,0,1,0,-1,-4|F:2,3,4
1|91||2:3,-2/0:/0:/5:4,3,0,0,2|X:IndexError
5|2147483647||1:-5/7:-1,-4,3,-5,-2,-2,5|X:IndexError
3|91|0,1,2|6:0,2,4,-3,2,-1/0:/7:2,4,-2,3,5,-5,3|T:0,1,2
1|1000000007|0|4:3,-3,0,-1/4:3,1,4,-4/3:3,-3,-1/1:0/2:3,-5|T:0
2|91||7:2,-1,-2,2,3,-4,5/1:5/4:-4,-3,1,-4/1:-3/2:2,0|X:IndexError
6|7|2,3,5|14:-2,1,-5,3,0,-1,-4,3,3,2,4,-5,4,-4/14:0,-1,0,-4,-4,-2,2,1,4,2,-4,-3,-5,0|F:2,3,5
5|91|0,1,2,4|12:1,2,5,5,1,-3,-4,-3,-2,2,-2,-1|F:0,1,2,4
3|91|0,1,2|1:-3/8:0,3,1,-1,-3,-2,1,-5/9:-4,-3,-2,-4,-3,5,-3,2,-1|T:0,1,2
1|97|0|3:2,1,0/3:-2,-1,-5/4:5,-4,-5,3/4:0,5,1,-5|T:0
6|2147483647||2:3,2/1:3|X:IndexError
6|7|0,1,2,4|10:-3,-2,0,0,3,5,3,0,-4,-2|X:IndexError
4|97|2|3:-5,-4,1|X:IndexError
2|91|1|5:0,3,1,3,-3|F:1
2|91|0|4:-5,3,-5,4|F:0
3|97|0,2|9:-2,-5,-3,-5,3,4,-3,0,-1/7:5,-1,0,-1,5,-3,0/7:2,4,-2,3,5,5,3/5:-4,3,-1,4,5/0:|X:IndexError
3|91|0,1,2|0:|T:0,1,2
1|91||1:5|X:IndexError
3|1000000007||8:5,-2,1,3,4,-2,2,2/4:1,3,4,1/7:-4,1,3,0,1,2,3|X:IndexError
5|7|1,4|12:-2,3,-3,1,1,0,-2,-1,3,0,3,-5/13:-1,-2,1,1,3,-1,2,0,-5,2,4,-2,4|F:1,4
2|97|0|0:/6:4,3,-2,4,-4,-3|X:IndexError
2|2147483647|1|1:0/1:4/4:5,-4,4,5/2:5,-5|X:IndexError
3|2147483647|0,1,2|2:5,4/0:/2:1,-5|T:0,1,2
2|91|0|5:4,5,2,0,-1|F:0
3|1000000007||1:-4/3:0,-2,3/6:-5,2,-1,-2,-1,0/4:1,-5,-5,-5|X:IndexError
6|2147483647|0,1,2,3,4,5|7:3,-4,-4,2,4,4,4/4:-3,2,2,5|T:0,1,2,3,4,5
1|2147483647||2:3,-1/3:3,-2,-2/0:|X:IndexError
4|97|1,2,3|0:/1:1/8:-1,1,5,-4,-3,0,1,5|X:IndexError
5|2147483647|0,1,2,3,4|13:1,0,1,0,1,-1,-1,2,2,-5,-2,-4,-1|T:0,1,2,3,4
1|91|0|1:3/3:2,-1,-2/0:/2:3,0/2:2,-3|T:0
3|7|0,1,2|2:1,-1/0:/1:-5|T:0,1,2
2|2147483647||1:-3/4:2,2,-3,4/3:5,1,-1/6:4,1,-5,-3,4,-5/7:-4,-3,0,2,-4,1,-1|X:IndexError
1|91||5:-3,1,0,-5,1/2:-5,3/0:|X:IndexError
4|1000000007|0,1|11:5,2,-3,-1,2,3,1,-1,0,0,4/4:0,-5,-2,-3|X:IndexError
3|1000000007|0,1|0:/2:2,-1/9:-3,4,4,2,1,-3,5,-2,3|X:IndexError
6|97|0,1,2,3|6:4,1,3,-3,2,-4/6:-4,-5,-4,-3,-1,3/6:5,-5,1,-3,2,5|X:IndexError
4|97||6:3,-1,-5,1,-2,0/7:-1,-4,2,-4,-5,4,2/8:-3,0,-2,0,-3,-3,0,-1/11:5,-3,-4,-5,3,0,2,-4,3,4,-5|X:IndexError
2|91|1|2:5,-3/6:5,-3,3,0,-3,0/5:-5,3,0,-4,-2/7:2,0,3,-3,-3,4,4|F:1
2|91||6:-5,4,4,0,0,-3/1:5/1:5/6:-4,-2,-5,5,-3,-3/6:-3,-1,-4,4,0,-5|X:IndexError
4|1000000007|0,1,2,3|4:4,-5,5,-4/7:4,-3,1,-1,-1,2,5|T:0,1,2,3
2|7|0,1|6:1,3,-3,-5,-4,2/6:5,-2,1,3,0,3/2:-5,-3|T:0,1
1|1000000007||2:-4,3/1:3/3:-2,0,-5/5:3,-2,-2,-2,4/5:3,-1,0,-2,-3|X:IndexError
3|97|1|8:0,-4,5,1,-2,-5,4,1/1:-2|X:IndexError
5|91|0,1|6:1,-4,-4,5,5,-1/8:5,1,2,5,4,-2,-3,3|X:IndexError
3|2147483647||0:/9:2,2,1,-4,-1,2,-3,3,-3/9:1,-5,-1,-3,-2,-3,4,-1,-4|X:IndexError
4|91||7:3,1,-3,2,5,0,-2/8:1,2,0,5,2,4,5,-5/11:-3,-1,-1,4,-1,3,-3,4,5,-1,-1|X:IndexError
2|91|1|2:-1,1/4:-4,-4,5,-3|F:1
1|7|0|3:-4,4,-2/0:|T:0
2|2147483647|0,1|3:-1,-5,0/4:-5,0,2,-1/4:0,-3,-5,-5/4:-2,-1,-2,0|T:0,1
6|7|1,2,3,4,5|0:/2:1,-3|X:IndexError
6|1000000007|0,3,4,5|0:|X:IndexError
3|91|0,1|6:-5,4,5,2,3,0|F:0,1
6|91|0,2,5|3:-4,3,-2/9:4,-3,-4,-1,-2,5,3,5,1/13:1,-3,-4,-4,-2,-3,5,3,4,-3,-2,-5,4|X:IndexError
5|2147483647||6:3,4,5,0,0,3/6:1,0,5,-1,5,-4|X:IndexError
2|91|0,1|2:-3,-5|T:0,1
2|7|0,1|3:-3,1,1/1:3/5:3,-5,-1,3,-4/6:-4,-1,-1,1,-3,3/5:-1,2,-5,4,-1|T:0,1
4|1000000007|0,2,3|3:2,-4,-5|X:IndexError
2|7|0|0:/3:-4,0,3/3:0,-2,-2/4:-3,0,-1,4/7:-4,0,-4,-1,1,-3,-1|X:IndexError
2|91||0:/1:4|X:IndexError
3|97|2|5:4,5,-5,-4,2|F:2
2|1000000007|0,1|3:-1,0,0|T:0,1
6|2147483647|2,4,5|8:-4,-4,0,-2,-2,1,-5,0/7:1,-5,-4,-5,1,1,-2/4:5,-4,2,0/5:-2,5,-5,-5,2/10:-2,-1,-4,-3,3,-4,3,3,1,-3|X:IndexError
3|97|1,2|5:-2,-4,0,-4,3/7:4,2,2,5,0,-4,-4|T:0,1,2
3|7|0|9:3,4,1,-1,2,-2,-1,2,-2|F:0
3|91||8:-1,1,-2,4,1,-2,-2,-5/7:4,4,3,3,3,4,0/3:5,-2,3/8:-2,-2,-2,-1,1,2,-2,-3/1:2|X:IndexError
1|97||0:/5:-1,0,-2,-5,5|X:IndexError
3|91||4:-4,-1,3,-2/1:-4/9:-2,2,4,1,5,3,-1,5,1/1:4|X:IndexError
2|91||1:-2/6:3,-1,-1,3,-4,-4/5:2,-3,4,-5,1/2:-3,4/1:-5|X:IndexError
1|1000000007|0|5:2,-1,-5,-2,-4/3:-4,-1,4/2:5,5|T:0
2|97||7:-4,-2,-3,3,5,1,-1/1:-3|X:IndexError
2|91|0,1|4:3,-3,-5,0/6:-5,2,-5,3,4,0/4:3,3,-1,-1/7:3,5,2,1,-5,-5,-3|T:0,1
6|97|1,4|0:/15:-4,5,1,1,3,-4,4,3,0,-4,3,-1,-4,3,-5/10:3,4,-3,5,2,-4,1,-2,2,-2/9:3,5,1,1,-5,-5,-4,2,-3|X:IndexError
8|2147483647|1,2,7|16:0,1,0,0,0,0,0,0,0,-1,0,0,0,0,0,0/16:0,0,0,1,0,0,0,0,0,0,0,-1,0,0,0,0/16:0,0,0,0,0,1,0,0,0,0,0,0,0,-1,0,0/16:0,0,0,0,0,0,0,1,0,0,0,0,0,0,0,-1/16:0,1,0,0,0,-1,0,0,0,0,0,0,0,0,0,0/16:0,0,0,1,0,0,0,-1,0,0,0,0,0,0,0,0/16:0,0,0,0,0,0,0,0,1,1,0,0,-1,-1,0,0/16:0,0,0,0,0,0,0,0,0,0,1,1,0,0,-1,-1/16:0,0,0,0,1,0,-1,0,0,0,0,0,0,0,0,0/16:0,0,0,0,0,0,0,0,0,1,0,-1,0,0,0,0/16:0,0,0,0,0,0,0,0,0,0,0,0,3,1,-3,-1|F:1,2,3,4,5,6,7
8|2147483647|1,2,3,4,5,6,7|16:0,1,0,0,0,0,0,0,0,-1,0,0,0,0,0,0/16:0,0,0,1,0,0,0,0,0,0,0,-1,0,0,0,0/16:0,0,0,0,0,1,0,0,0,0,0,0,0,-1,0,0/16:0,0,0,0,0,0,0,1,0,0,0,0,0,0,0,-1/16:0,1,0,0,0,-1,0,0,0,0,0,0,0,0,0,0/16:0,0,0,1,0,0,0,-1,0,0,0,0,0,0,0,0/16:0,0,0,0,0,0,0,0,1,1,0,0,-1,-1,0,0/16:0,0,0,0,0,0,0,0,0,0,1,1,0,0,-1,-1/16:0,0,0,0,1,0,-1,0,0,0,0,0,0,0,0,0/16:0,0,0,0,0,0,0,0,0,1,0,-1,0,0,0,0/16:0,0,0,0,0,0,0,0,0,0,0,0,3,1,-3,-1/16:0,0,0,0,0,0,1,-2,0,0,0,0,0,0,0,0|F:1,2,3,4,5,6,7
8|2147483647||16:2,1,0,0,-2,-1,0,0,0,0,0,0,0,0,0,0/16:0,0,2,1,0,0,-2,-1,0,0,0,0,0,0,0,0/16:0,0,0,0,0,0,0,0,1,-2,0,0,-1,2,0,0/16:0,0,0,0,0,0,0,0,0,0,1,-2,0,0,-1,2/16:0,1,0,-1,0,0,0,0,0,0,0,0,0,0,0,0/16:0,0,0,0,0,0,0,0,1,1,-1,-1,0,0,0,0/16:0,0,0,0,0,0,0,0,0,0,0,0,2,1,-2,-1|F:
8|2147483647||16:2,1,0,0,-2,-1,0,0,0,0,0,0,0,0,0,0/16:0,0,2,1,0,0,-2,-1,0,0,0,0,0,0,0,0/16:0,0,0,0,0,0,0,0,1,-2,0,0,-1,2,0,0/16:0,0,0,0,0,0,0,0,0,0,1,-2,0,0,-1,2/16:0,1,0,-1,0,0,0,0,0,0,0,0,0,0,0,0/16:0,0,0,0,0,0,0,0,1,1,-1,-1,0,0,0,0/16:0,0,0,0,0,0,0,0,0,0,0,0,2,1,-2,-1/16:0,0,1,2,0,0,0,0,0,0,0,0,0,0,0,0|F:
2|2147483647||4:2,1,-2,-1|F:
2|2147483647||4:2,1,-2,-1/4:3,1,0,0|F:
6|2147483647||12:1,3,0,0,0,0,-1,-3,0,0,0,0/12:0,0,1,3,0,0,0,0,-1,-3,0,0/12:0,0,0,0,1,3,0,0,0,0,-1,-3/12:1,0,-1,0,0,0,0,0,0,0,0,0/12:0,0,1,2,-1,-2,0,0,0,0,0,0/12:0,0,0,0,0,0,1,2,-1,-2,0,0/12:0,0,0,0,0,0,0,0,1,0,-1,0|F:
6|2147483647||12:1,3,0,0,0,0,-1,-3,0,0,0,0/12:0,0,1,3,0,0,0,0,-1,-3,0,0/12:0,0,0,0,1,3,0,0,0,0,-1,-3/12:1,0,-1,0,0,0,0,0,0,0,0,0/12:0,0,1,2,-1,-2,0,0,0,0,0,0/12:0,0,0,0,0,0,1,2,-1,-2,0,0/12:0,0,0,0,0,0,0,0,1,0,-1,0/12:0,0,0,0,0,0,1,-2,0,0,0,0|F:
6|2147483647|0|12:0,0,0,1,0,-1,0,0,0,0,0,0/12:0,0,0,0,0,0,1,2,-1,-2,0,0/12:0,0,0,0,0,0,0,0,0,1,0,-1|F:0
6|2147483647|0|12:0,0,0,1,0,-1,0,0,0,0,0,0/12:0,0,0,0,0,0,1,2,-1,-2,0,0/12:0,0,0,0,0,0,0,0,0,1,0,-1/12:1,0,0,0,0,0,0,0,0,0,0,0|F:0
4|2147483647|1|8:1,0,-1,0,0,0,0,0/8:0,0,0,1,0,-1,0,0/8:0,0,0,0,1,1,-1,-1|F:1
4|2147483647|1|8:1,0,-1,0,0,0,0,0/8:0,0,0,1,0,-1,0,0/8:0,0,0,0,1,1,-1,-1/8:0,0,0,0,0,0,3,1|F:1
16|2147483647|2,11|32:3,1,0,0,0,0,0,0,0,0,0,0,0,0,0,0,-3,-1,0,0,0,0,0,0,0,0,0,0,0,0,0,0/32:0,0,3,1,0,0,0,0,0,0,0,0,0,0,0,0,0,0,-3,-1,0,0,0,0,0,0,0,0,0,0,0,0/32:0,0,0,0,3,1,0,0,0,0,0,0,0,0,0,0,0,0,0,0,-3,-1,0,0,0,0,0,0,0,0,0,0/32:0,0,0,0,0,0,3,1,0,0,0,0,0,0,0,0,0,0,0,0,0,0,-3,-1,0,0,0,0,0,0,0,0/32:0,0,0,0,0,0,0,0,3,1,0,0,0,0,0,0,0,0,0,0,0,0,0,0,-3,-1,0,0,0,0,0,0/32:0,0,0,0,0,0,0,0,0,0,3,1,0,0,0,0,0,0,0,0,0,0,0,0,0,0,-3,-1,0,0,0,0/32:0,0,0,0,0,0,0,0,0,0,0,0,3,1,0,0,0,0,0,0,0,0,0,0,0,0,0,0,-3,-1,0,0/32:0,0,0,0,0,0,0,0,0,0,0,0,0,0,3,1,0,0,0,0,0,0,0,0,0,0,0,0,0,0,-3,-1/32:2,1,0,0,0,0,0,0,-2,-1,0,0,0,0,0,0,0,0,0,0,0,0,0,0,0,0,0,0,0,0,0,0/32:0,0,2,1,0,0,0,0,0,0,-2,-1,0,0,0,0,0,0,0,0,0,0,0,0,0,0,0,0,0,0,0,0/32:0,0,0,0,2,1,0,0,0,0,0,0,-2,-1,0,0,0,0,0,0,0,0,0,0,0,0,0,0,0,0,0,0/32:0,0,0,0,0,0,2,1,0,0,0,0,0,0,-2,-1,0,0,0,0,0,0,0,0,0,0,0,0,0,0,0,0/32:0,0,0,0,0,0,0,0,0,0,0,0,0,0,0,0,1,0,0,0,0,0,0,0,-1,0,0,0,0,0,0,0/32:0,0,0,0,0,0,0,0,0,0,0,0,0,0,0,0,0,0,1,0,0,0,0,0,0,0,-1,0,0,0,0,0/32:0,0,0,0,0,0,0,0,0,0,0,0,0,0,0,0,0,0,0,0,1,0,0,0,0,0,0,0,-1,0,0,0/32:0,0,0,0,0,0,0,0,0,0,0,0,0,0,0,0,0,0,0,0,0,0,1,0,0,0,0,0,0,0,-1,0/32:0,1,0,0,0,-1,0,0,0,0,0,0,0,0,0,0,0,0,0,0,0,0,0,0,0,0,0,0,0,0,0,0/32:0,0,0,1,0,0,0,-1,0,0,0,0,0,0,0,0,0,0,0,0,0,0,0,0,0,0,0,0,0,0,0,0/32:0,0,0,0,0,0,0,0,3,1,0,0,-3,-1,0,0,0,0,0,0,0,0,0,0,0,0,0,0,0,0,0,0/32:0,0,0,0,0,0,0,0,0,0,3,1,0,0,-3,-1,0,0,0,0,0,0,0,0,0,0,0,0,0,0,0,0/32:0,0,0,0,0,0,0,0,0,0,0,0,0,0,0,0,1,-2,0,0,-1,2,0,0,0,0,0,0,0,0,0,0/32:0,0,0,0,0,0,0,0,0,0,0,0,0,0,0,0,0,0,1,-2,0,0,-1,2,0,0,0,0,0,0,0,0/32:0,0,0,0,0,0,0,0,0,0,0,0,0,0,0,0,0,0,0,0,0,0,0,0,1,2,0,0,-1,-2,0,0/32:0,0,0,0,0,0,0,0,0,0,0,0,0,0,0,0,0,0,0,0,0,0,0,0,0,0,1,2,0,0,-1,-2/32:3,1,-3,-1,0,0,0,0,0,0,0,0,0,0,0,0,0,0,0,0,0,0,0,0,0,0,0,0,0,0,0,0/32:0,0,0,0,1,0,-1,0,0,0,0,0,0,0,0,0,0,0,0,0,0,0,0,0,0,0,0,0,0,0,0,0/32:0,0,0,0,0,0,0,0,0,0,0,0,2,1,-2,-1,0,0,0,0,0,0,0,0,0,0,0,0,0,0,0,0/32:0,0,0,0,0,0,0,0,0,0,0,0,0,0,0,0,3,1,-3,-1,0,0,0,0,0,0,0,0,0,0,0,0/32:0,0,0,0,0,0,0,0,0,0,0,0,0,0,0,0,0,0,0,0,1,2,-1,-2,0,0,0,0,0,0,0,0/32:0,0,0,0,0,0,0,0,0,0,0,0,0,0,0,0,0,0,0,0,0,0,0,0,3,1,-3,-1,0,0,0,0/32:0,0,0,0,0,0,0,0,0,0,0,0,0,0,0,0,0,0,0,0,0,0,0,0,0,0,0,0,3,1,-3,-1|F:0,1,2,3,8,9,10,11
16|2147483647|0,1,2,3,8,9,10,11|32:3,1,0,0,0,0,0,0,0,0,0,0,0,0,0,0,-3,-1,0,0,0,0,0,0,0,0,0,0,0,0,0,0/32:0,0,3,1,0,0,0,0,0,0,0,0,0,0,0,0,0,0,-3,-1,0,0,0,0,0,0,0,0,0,0,0,0/32:0,0,0,0,3,1,0,0,0,0,0,0,0,0,0,0,0,0,0,0,-3,-1,0,0,0,0,0,0,0,0,0,0/32:0,0,0,0,0,0,3,1,0,0,0,0,0,0,0,0,0,0,0,0,0,0,-3,-1,0,0,0,0,0,0,0,0/32:0,0,0,0,0,0,0,0,3,1,0,0,0,0,0,0,0,0,0,0,0,0,0,0,-3,-1,0,0,0,0,0,0/32:0,0,0,0,0,0,0,0,0,0,3,1,0,0,0,0,0,0,0,0,0,0,0,0,0,0,-3,-1,0,0,0,0/32:0,0,0,0,0,0,0,0,0,0,0,0,3,1,0,0,0,0,0,0,0,0,0,0,0,0,0,0,-3,-1,0,0/32:0,0,0,0,0,0,0,0,0,0,0,0,0,0,3,1,0,0,0,0,0,0,0,0,0,0,0,0,0,0,-3,-1/32:2,1,0,0,0,0,0,0,-2,-1,0,0,0,0,0,0,0,0,0,0,0,0,0,0,0,0,0,0,0,0,0,0/32:0,0,2,1,0,0,0,0,0,0,-2,-1,0,0,0,0,0,0,0,0,0,0,0,0,0,0,0,0,0,0,0,0/32:0,0,0,0,2,1,0,0,0,0,0,0,-2,-1,0,0,0,0,0,0,0,0,0,0,0,0,0,0,0,0,0,0/32:0,0,0,0,0,0,2,1,0,0,0,0,0,0,-2,-1,0,0,0,0,0,0,0,0,0,0,0,0,0,0,0,0/32:0,0,0,0,0,0,0,0,0,0,0,0,0,0,0,0,1,0,0,0,0,0,0,0,-1,0,0,0,0,0,0,0/32:0,0,0,0,0,0,0,0,0,0,0,0,0,0,0,0,0,0,1,0,0,0,0,0,0,0,-1,0,0,0,0,0/32:0,0,0,0,0,0,0,0,0,0,0,0,0,0,0,0,0,0,0,0,1,0,0,0,0,0,0,0,-1,0,0,0/32:0,0,0,0,0,0,0,0,0,0,0,0,0,0,0,0,0,0,0,0,0,0,1,0,0,0,0,0,0,0,-1,0/32:0,1,0,0,0,-1,0,0,0,0,0,0,0,0,0,0,0,0,0,0,0,0,0,0,0,0,0,0,0,0,0,0/32:0,0,0,1,0,0,0,-1,0,0,0,0,0,0,0,0,0,0,0,0,0,0,0,0,0,0,0,0,0,0,0,0/32:0,0,0,0,0,0,0,0,3,1,0,0,-3,-1,0,0,0,0,0,0,0,0,0,0,0,0,0,0,0,0,0,0/32:0,0,0,0,0,0,0,0,0,0,3,1,0,0,-3,-1,0,0,0,0,0,0,0,0,0,0,0,0,0,0,0,0/32:0,0,0,0,0,0,0,0,0,0,0,0,0,0,0,0,1,-2,0,0,-1,2,0,0,0,0,0,0,0,0,0,0/32:0,0,0,0,0,0,0,0,0,0,0,0,0,0,0,0,0,0,1,-2,0,0,-1,2,0,0,0,0,0,0,0,0/32:0,0,0,0,0,0,0,0,0,0,0,0,0,0,0,0,0,0,0,0,0,0,0,0,1,2,0,0,-1,-2,0,0/32:0,0,0,0,0,0,0,0,0,0,0,0,0,0,0,0,0,0,0,0,0,0,0,0,0,0,1,2,0,0,-1,-2/32:3,1,-3,-1,0,0,0,0,0,0,0,0,0,0,0,0,0,0,0,0,0,0,0,0,0,0,0,0,0,0,0,0/32:0,0,0,0,1,0,-1,0,0,0,0,0,0,0,0,0,0,0,0,0,0,0,0,0,0,0,0,0,0,0,0,0/32:0,0,0,0,0,0,0,0,0,0,0,0,2,1,-2,-1,0,0,0,0,0,0,0,0,0,0,0,0,0,0,0,0/32:0,0,0,0,0,0,0,0,0,0,0,0,0,0,0,0,3,1,-3,-1,0,0,0,0,0,0,0,0,0,0,0,0/32:0,0,0,0,0,0,0,0,0,0,0,0,0,0,0,0,0,0,0,0,1,2,-1,-2,0,0,0,0,0,0,0,0/32:0,0,0,0,0,0,0,0,0,0,0,0,0,0,0,0,0,0,0,0,0,0,0,0,3,1,-3,-1,0,0,0,0/32:0,0,0,0,0,0,0,0,0,0,0,0,0,0,0,0,0,0,0,0,0,0,0,0,0,0,0,0,3,1,-3,-1/32:0,0,0,0,0,0,0,0,0,0,0,0,0,0,1,1,0,0,0,0,0,0,0,0,0,0,0,0,0,0,0,0|T:0,1,2,3,4,5,6,7,8,9,10,11,12,13,14,15
4|2147483647||8:1,1,0,0,-1,-1,0,0/8:0,0,1,1,0,0,-1,-1/8:1,0,-1,0,0,0,0,0/8:0,0,0,0,1,0,-1,0|F:
4|2147483647||8:1,1,0,0,-1,-1,0,0/8:0,0,1,1,0,0,-1,-1/8:1,0,-1,0,0,0,0,0/8:0,0,0,0,1,0,-1,0/8:0,1,0,0,0,0,0,0|F:
6|2147483647||12:3,1,0,0,0,0,-3,-1,0,0,0,0/12:0,0,3,1,0,0,0,0,-3,-1,0,0/12:0,0,0,0,3,1,0,0,0,0,-3,-1/12:1,1,-1,-1,0,0,0,0,0,0,0,0/12:0,0,0,0,0,0,1,-2,-1,2,0,0/12:0,0,0,0,0,0,0,0,1,2,-1,-2|F:
6|2147483647||12:3,1,0,0,0,0,-3,-1,0,0,0,0/12:0,0,3,1,0,0,0,0,-3,-1,0,0/12:0,0,0,0,3,1,0,0,0,0,-3,-1/12:1,1,-1,-1,0,0,0,0,0,0,0,0/12:0,0,0,0,0,0,1,-2,-1,2,0,0/12:0,0,0,0,0,0,0,0,1,2,-1,-2/12:0,0,0,0,0,0,0,0,1,-2,0,0|F:
3|2147483647|0|6:0,1,0,-1,0,0/6:0,0,1,3,-1,-3|F:0
3|2147483647|0|6:0,1,0,-1,0,0/6:0,0,1,3,-1,-3/6:0,0,0,0,2,1|F:0
4|2147483647|0,1,3|8:1,3,0,0,-1,-3,0,0/8:0,0,1,3,0,0,-1,-3/8:3,1,-3,-1,0,0,0,0/8:0,0,0,0,3,1,-3,-1|T:0,1,2,3
8|2147483647|0,6|16:3,1,0,0,0,0,0,0,-3,-1,0,0,0,0,0,0/16:0,0,3,1,0,0,0,0,0,0,-3,-1,0,0,0,0/16:0,0,0,0,3,1,0,0,0,0,0,0,-3,-1,0,0/16:0,0,0,0,0,0,3,1,0,0,0,0,0,0,-3,-1/16:0,1,0,0,0,-1,0,0,0,0,0,0,0,0,0,0/16:0,0,0,1,0,0,0,-1,0,0,0,0,0,0,0,0/16:0,0,0,0,0,0,0,0,1,0,0,0,-1,0,0,0/16:0,0,0,0,0,0,0,0,0,0,1,0,0,0,-1,0/16:1,0,-1,0,0,0,0,0,0,0,0,0,0,0,0,0/16:0,0,0,0,1,3,-1,-3,0,0,0,0,0,0,0,0/16:0,0,0,0,0,0,0,0,2,1,-2,-1,0,0,0,0/16:0,0,0,0,0,0,0,0,0,0,0,0,1,-2,-1,2|T:0,1,2,3,4,5,6,7
8|2147483647||16:1,2,0,0,0,0,0,0,-1,-2,0,0,0,0,0,0/16:0,0,1,2,0,0,0,0,0,0,-1,-2,0,0,0,0/16:0,0,0,0,1,2,0,0,0,0,0,0,-1,-2,0,0/16:0,0,0,0,0,0,1,2,0,0,0,0,0,0,-1,-2/16:1,1,0,0,-1,-1,0,0,0,0,0,0,0,0,0,0/16:0,0,1,1,0,0,-1,-1,0,0,0,0,0,0,0,0/16:0,0,0,0,0,0,0,0,1,-2,0,0,-1,2,0,0/16:0,0,0,0,0,0,0,0,0,0,1,-2,0,0,-1,2/16:0,1,0,-1,0,0,0,0,0,0,0,0,0,0,0,0/16:0,0,0,0,0,0,0,0,1,1,-1,-1,0,0,0,0/16:0,0,0,0,0,0,0,0,0,0,0,0,1,2,-1,-2|F:
8|2147483647||16:1,2,0,0,0,0,0,0,-1,-2,0,0,0,0,0,0/16:0,0,1,2,0,0,0,0,0,0,-1,-2,0,0,0,0/16:0,0,0,0,1,2,0,0,0,0,0,0,-1,-2,0,0/16:0,0,0,0,0,0,1,2,0,0,0,0,0,0,-1,-2/16:1,1,0,0,-1,-1,0,0,0,0,0,0,0,0,0,0/16:0,0,1,1,0,0,-1,-1,0,0,0,0,0,0,0,0/16:0,0,0,0,0,0,0,0,1,-2,0,0,-1,2,0,0/16:0,0,0,0,0,0,0,0,0,0,1,-2,0,0,-1,2/16:0,1,0,-1,0,0,0,0,0,0,0,0,0,0,0,0/16:0,0,0,0,0,0,0,0,1,1,-1,-1,0,0,0,0/16:0,0,0,0,0,0,0,0,0,0,0,0,1,2,-1,-2/16:1,2,0,0,0,0,0,0,0,0,0,0,0,0,0,0|F:
8|2147483647|2,7|16:3,1,0,0,0,0,0,0,-3,-1,0,0,0,0,0,0/16:0,0,3,1,0,0,0,0,0,0,-3,-1,0,0,0,0/16:0,0,0,0,3,1,0,0,0,0,0,0,-3,-1,0,0/16:0,0,0,0,0,0,3,1,0,0,0,0,0,0,-3,-1/16:1,-2,0,0,-1,2,0,0,0,0,0,0,0,0,0,0/16:0,0,1,-2,0,0,-1,2,0,0,0,0,0,0,0,0/16:0,0,0,0,0,0,0,0,1,0,0,0,-1,0,0,0/16:0,0,0,0,0,0,0,0,0,0,1,0,0,0,-1,0/16:3,1,-3,-1,0,0,0,0,0,0,0,0,0,0,0,0/16:0,0,0,0,0,0,0,0,1,2,-1,-2,0,0,0,0/16:0,0,0,0,0,0,0,0,0,0,0,0,1,-2,-1,2|F:2,6,7
8|2147483647|2,6,7|16:3,1,0,0,0,0,0,0,-3,-1,0,0,0,0,0,0/16:0,0,3,1,0,0,0,0,0,0,-3,-1,0,0,0,0/16:0,0,0,0,3,1,0,0,0,0,0,0,-3,-1,0,0/16:0,0,0,0,0,0,3,1,0,0,0,0,0,0,-3,-1/16:1,-2,0,0,-1,2,0,0,0,0,0,0,0,0,0,0/16:0,0,1,-2,0,0,-1,2,0,0,0,0,0,0,0,0/16:0,0,0,0,0,0,0,0,1,0,0,0,-1,0,0,0/16:0,0,0,0,0,0,0,0,0,0,1,0,0,0,-1,0/16:3,1,-3,-1,0,0,0,0,0,0,0,0,0,0,0,0/16:0,0,0,0,0,0,0,0,1,2,-1,-2,0,0,0,0/16:0,0,0,0,0,0,0,0,0,0,0,0,1,-2,-1,2/16:2,1,0,0,0,0,0,0,0,0,0,0,0,0,0,0|F:0,2,4,5,6,7
8|2147483647||16:3,1,0,0,0,0,0,0,-3,-1,0,0,0,0,0,0/16:0,0,3,1,0,0,0,0,0,0,-3,-1,0,0,0,0/16:0,0,0,0,3,1,0,0,0,0,0,0,-3,-1,0,0/16:0,0,0,0,0,0,3,1,0,0,0,0,0,0,-3,-1/16:1,3,0,0,-1,-3,0,0,0,0,0,0,0,0,0,0/16:0,0,1,3,0,0,-1,-3,0,0,0,0,0,0,0,0/16:0,0,0,0,0,0,0,0,0,1,0,0,0,-1,0,0/16:0,0,0,0,0,0,0,0,0,0,0,1,0,0,0,-1/16:1,1,-1,-1,0,0,0,0,0,0,0,0,0,0,0,0/16:0,0,0,0,1,3,-1,-3,0,0,0,0,0,0,0,0/16:0,0,0,0,0,0,0,0,1,1,-1,-1,0,0,0,0/16:0,0,0,0,0,0,0,0,0,0,0,0,1,3,-1,-3|F:
8|2147483647||16:3,1,0,0,0,0,0,0,-3,-1,0,0,0,0,0,0/16:0,0,3,1,0,0,0,0,0,0,-3,-1,0,0,0,0/16:0,0,0,0,3,1,0,0,0,0,0,0,-3,-1,0,0/16:0,0,0,0,0,0,3,1,0,0,0,0,0,0,-3,-1/16:1,3,0,0,-1,-3,0,0,0,0,0,0,0,0,0,0/16:0,0,1,3,0,0,-1,-3,0,0,0,0,0,0,0,0/16:0,0,0,0,0,0,0,0,0,1,0,0,0,-1,0,0/16:0,0,0,0,0,0,0,0,0,0,0,1,0,0,0,-1/16:1,1,-1,-1,0,0,0,0,0,0,0,0,0,0,0,0/16:0,0,0,0,1,3,-1,-3,0,0,0,0,0,0,0,0/16:0,0,0,0,0,0,0,0,1,1,-1,-1,0,0,0,0/16:0,0,0,0,0,0,0,0,0,0,0,0,1,3,-1,-3/16:0,0,1,0,0,0,0,0,0,0,0,0,0,0,0,0|F:
6|2147483647|2,4,5|12:1,-2,0,0,-1,2,0,0,0,0,0,0/12:0,0,1,-2,0,0,-1,2,0,0,0,0/12:0,0,0,0,1,3,0,0,-1,-3,0,0/12:0,0,0,0,0,0,1,3,0,0,-1,-3/12:1,1,-1,-1,0,0,0,0,0,0,0,0/12:0,0,0,0,1,-2,-1,2,0,0,0,0/12:0,0,0,0,0,0,0,0,3,1,-3,-1|F:2,3,4,5
6|2147483647|2,3,4,5|12:1,-2,0,0,-1,2,0,0,0,0,0,0/12:0,0,1,-2,0,0,-1,2,0,0,0,0/12:0,0,0,0,1,3,0,0,-1,-3,0,0/12:0,0,0,0,0,0,1,3,0,0,-1,-3/12:1,1,-1,-1,0,0,0,0,0,0,0,0/12:0,0,0,0,1,-2,-1,2,0,0,0,0/12:0,0,0,0,0,0,0,0,3,1,-3,-1/12:0,0,2,1,0,0,0,0,0,0,0,0|T:0,1,2,3,4,5
3|2147483647|0,1,2|6:1,1,-1,-1,0,0/6:0,0,1,3,-1,-3|T:0,1,2
6|2147483647||12:1,0,0,0,-1,0,0,0,0,0,0,0/12:0,0,1,0,0,0,-1,0,0,0,0,0/12:0,0,0,0,3,1,0,0,-3,-1,0,0/12:0,0,0,0,0,0,3,1,0,0,-3,-1/12:1,2,-1,-2,0,0,0,0,0,0,0,0/12:0,0,0,0,1,2,-1,-2,0,0,0,0/12:0,0,0,0,0,0,0,0,0,1,0,-1|F:
6|2147483647||12:1,0,0,0,-1,0,0,0,0,0,0,0/12:0,0,1,0,0,0,-1,0,0,0,0,0/12:0,0,0,0,3,1,0,0,-3,-1,0,0/12:0,0,0,0,0,0,3,1,0,0,-3,-1/12:1,2,-1,-2,0,0,0,0,0,0,0,0/12:0,0,0,0,1,2,-1,-2,0,0,0,0/12:0,0,0,0,0,0,0,0,0,1,0,-1/12:0,0,0,0,0,1,0,0,0,0,0,0|F:
2|2147483647|0,1|4:2,1,-2,-1|T:0,1
8|2147483647|1,2,3|16:1,0,0,0,0,0,0,0,-1,0,0,0,0,0,0,0/16:0,0,1,0,0,0,0,0,0,0,-1,0,0,0,0,0/16:0,0,0,0,1,0,0,0,0,0,0,0,-1,0,0,0/16:0,0,0,0,0,0,1,0,0,0,0,0,0,0,-1,0/16:2,1,0,0,-2,-1,0,0,0,0,0,0,0,0,0,0/16:0,0,2,1,0,0,-2,-1,0,0,0,0,0,0,0,0/16:0,0,0,0,0,0,0,0,1,0,0,0,-1,0,0,0/16:0,0,0,0,0,0,0,0,0,0,1,0,0,0,-1,0/16:3,1,-3,-1,0,0,0,0,0,0,0,0,0,0,0,0/16:0,0,0,0,1,2,-1,-2,0,0,0,0,0,0,0,0/16:0,0,0,0,0,0,0,0,1,3,-1,-3,0,0,0,0/16:0,0,0,0,0,0,0,0,0,0,0,0,1,1,-1,-1|F:0,1,2,3
8|2147483647|0,1,2,3|16:1,0,0,0,0,0,0,0,-1,0,0,0,0,0,0,0/16:0,0,1,0,0,0,0,0,0,0,-1,0,0,0,0,0/16:0,0,0,0,1,0,0,0,0,0,0,0,-1,0,0,0/16:0,0,0,0,0,0,1,0,0,0,0,0,0,0,-1,0/16:2,1,0,0,-2,-1,0,0,0,0,0,0,0,0,0,0/16:0,0,2,1,0,0,-2,-1,0,0,0,0,0,0,0,0/16:0,0,0,0,0,0,0,0,1,0,0,0,-1,0,0,0/16:0,0,0,0,0,0,0,0,0,0,1,0,0,0,-1,0/16:3,1,-3,-1,0,0,0,0,0,0,0,0,0,0,0,0/16:0,0,0,0,1,2,-1,-2,0,0,0,0,0,0,0,0/16:0,0,0,0,0,0,0,0,1,3,-1,-3,0,0,0,0/16:0,0,0,0,0,0,0,0,0,0,0,0,1,1,-1,-1/16:2,1,0,0,0,0,0,0,0,0,0,0,0,0,0,0|F:0,1,2,3
4|2147483647||8:1,3,-1,-3,0,0,0,0/8:0,0,1,3,-1,-3,0,0/8:0,0,0,0,1,2,-1,-2|F:
4|2147483647||8:1,3,-1,-3,0,0,0,0/8:0,0,1,3,-1,-3,0,0/8:0,0,0,0,1,2,-1,-2/8:0,0,0,0,1,3,0,0|F:
3|2147483647|1|6:0,0,1,0,-1,0|F:1
3|2147483647|1|6:0,0,1,0,-1,0/6:1,0,0,0,0,0|F:1
2|2147483647|0|4:0,1,0,-1|F:0
2|2147483647|0|4:0,1,0,-1/4:0,0,1,0|T:0,1
4|2147483647|1|8:1,0,-1,0,0,0,0,0/8:0,0,1,0,-1,0,0,0/8:0,0,0,0,0,1,0,-1|F:1
4|2147483647|1|8:1,0,-1,0,0,0,0,0/8:0,0,1,0,-1,0,0,0/8:0,0,0,0,0,1,0,-1/8:2,1,0,0,0,0,0,0|F:0,1
3|2147483647|2|6:1,1,-1,-1,0,0/6:0,0,1,-2,-1,2|F:2
3|2147483647|2|6:1,1,-1,-1,0,0/6:0,0,1,-2,-1,2/6:0,0,1,3,0,0|F:1,2
6|2147483647|2,5|12:1,-2,0,0,-1,2,0,0,0,0,0,0/12:0,0,1,-2,0,0,-1,2,0,0,0,0/12:0,0,0,0,2,1,0,0,-2,-1,0,0/12:0,0,0,0,0,0,2,1,0,0,-2,-1/12:1,3,-1,-3,0,0,0,0,0,0,0,0/12:0,0,0,0,1,0,-1,0,0,0,0,0/12:0,0,0,0,0,0,0,0,1,3,-1,-3|F:2,3,4,5
6|2147483647|2,3,4,5|12:1,-2,0,0,-1,2,0,0,0,0,0,0/12:0,0,1,-2,0,0,-1,2,0,0,0,0/12:0,0,0,0,2,1,0,0,-2,-1,0,0/12:0,0,0,0,0,0,2,1,0,0,-2,-1/12:1,3,-1,-3,0,0,0,0,0,0,0,0/12:0,0,0,0,1,0,-1,0,0,0,0,0/12:0,0,0,0,0,0,0,0,1,3,-1,-3/12:0,0,1,3,0,0,0,0,0,0,0,0|T:0,1,2,3,4,5
2|2147483647|0|4:0,1,0,-1|F:0
2|2147483647|0|4:0,1,0,-1/4:0,0,0,1|F:0
4|2147483647|3|8:1,1,0,0,-1,-1,0,0/8:0,0,1,1,0,0,-1,-1/8:3,1,-3,-1,0,0,0,0/8:0,0,0,0,1,0,-1,0|F:3
4|2147483647|3|8:1,1,0,0,-1,-1,0,0/8:0,0,1,1,0,0,-1,-1/8:3,1,-3,-1,0,0,0,0/8:0,0,0,0,1,0,-1,0/8:0,0,0,0,0,0,1,0|F:3
4|2147483647|1|8:3,1,-3,-1,0,0,0,0/8:0,0,2,1,-2,-1,0,0|F:1
4|2147483647|1|8:3,1,-3,-1,0,0,0,0/8:0,0,2,1,-2,-1,0,0/8:3,1,0,0,0,0,0,0|F:1
4|2147483647|0,1,2|8:0,1,0,0,0,-1,0,0/8:0,0,0,1,0,0,0,-1/8:0,1,0,-1,0,0,0,0/8:0,0,0,0,1,2,-1,-2|T:0,1,2,3
8|2147483647|5|16:1,1,0,0,0,0,0,0,-1,-1,0,0,0,0,0,0/16:0,0,1,1,0,0,0,0,0,0,-1,-1,0,0,0,0/16:0,0,0,0,1,1,0,0,0,0,0,0,-1,-1,0,0/16:0,0,0,0,0,0,1,1,0,0,0,0,0,0,-1,-1/16:2,1,0,0,-2,-1,0,0,0,0,0,0,0,0,0,0/16:0,0,2,1,0,0,-2,-1,0,0,0,0,0,0,0,0/16:0,0,0,0,0,0,0,0,1,1,0,0,-1,-1,0,0/16:0,0,0,0,0,0,0,0,0,0,1,1,0,0,-1,-1/16:3,1,-3,-1,0,0,0,0,0,0,0,0,0,0,0,0/16:0,0,0,0,0,0,0,0,0,0,0,0,3,1,-3,-1|F:5
8|2147483647|5|16:1,1,0,0,0,0,0,0,-1,-1,0,0,0,0,0,0/16:0,0,1,1,0,0,0,0,0,0,-1,-1,0,0,0,0/16:0,0,0,0,1,1,0,0,0,0,0,0,-1,-1,0,0/16:0,0,0,0,0,0,1,1,0,0,0,0,0,0,-1,-1/16:2,1,0,0,-2,-1,0,0,0,0,0,0,0,0,0,0/16:0,0,2,1,0,0,-2,-1,0,0,0,0,0,0,0,0/16:0,0,0,0,0,0,0,0,1,1,0,0,-1,-1,0,0/16:0,0,0,0,0,0,0,0,0,0,1,1,0,0,-1,-1/16:3,1,-3,-1,0,0,0,0,0,0,0,0,0,0,0,0/16:0,0,0,0,0,0,0,0,0,0,0,0,3,1,-3,-1/16:0,0,0,0,0,0,0,0,0,0,0,0,0,0,1,0|F:5,7
3|2147483647||6:2,1,-2,-1,0,0/6:0,0,1,2,-1,-2|F:
3|2147483647||6:2,1,-2,-1,0,0/6:0,0,1,2,-1,-2/6:0,0,0,1,0,0|F:
6|2147483647|1,3|12:1,2,0,0,-1,-2,0,0,0,0,0,0/12:0,0,1,2,0,0,-1,-2,0,0,0,0/12:3,1,-3,-1,0,0,0,0,0,0,0,0/12:0,0,0,0,1,-2,-1,2,0,0,0,0/12:0,0,0,0,0,0,0,0,1,0,-1,0|F:1,3
6|2147483647|1,3|12:1,2,0,0,-1,-2,0,0,0,0,0,0/12:0,0,1,2,0,0,-1,-2,0,0,0,0/12:3,1,-3,-1,0,0,0,0,0,0,0,0/12:0,0,0,0,1,-2,-1,2,0,0,0,0/12:0,0,0,0,0,0,0,0,1,0,-1,0/12:0,0,0,0,1,3,0,0,0,0,0,0|F:0,1,2,3
2|2147483647|1|4:1,3,-1,-3|F:1
2|2147483647|1|4:1,3,-1,-3/4:0,0,0,1|F:1
3|2147483647|0,1,2|6:2,1,-2,-1,0,0/6:0,0,0,1,0,-1|T:0,1,2
4|2147483647||8:0,1,0,-1,0,0,0,0/8:0,0,1,2,-1,-2,0,0/8:0,0,0,0,3,1,-3,-1|F:
4|2147483647||8:0,1,0,-1,0,0,0,0/8:0,0,1,2,-1,-2,0,0/8:0,0,0,0,3,1,-3,-1/8:0,0,0,0,0,0,1,0|F:
8|2147483647|0|16:1,-2,0,0,0,0,0,0,-1,2,0,0,0,0,0,0/16:0,0,1,-2,0,0,0,0,0,0,-1,2,0,0,0,0/16:0,0,0,0,1,-2,0,0,0,0,0,0,-1,2,0,0/16:0,0,0,0,0,0,1,-2,0,0,0,0,0,0,-1,2/16:1,1,0,0,-1,-1,0,0,0,0,0,0,0,0,0,0/16:0,0,1,1,0,0,-1,-1,0,0,0,0,0,0,0,0/16:0,0,0,0,0,0,0,0,1,0,0,0,-1,0,0,0/16:0,0,0,0,0,0,0,0,0,0,1,0,0,0,-1,0/16:0,0,0,0,1,2,-1,-2,0,0,0,0,0,0,0,0/16:0,0,0,0,0,0,0,0,1,2,-1,-2,0,0,0,0/16:0,0,0,0,0,0,0,0,0,0,0,0,1,1,-1,-1|F:0
8|2147483647|0|16:1,-2,0,0,0,0,0,0,-1,2,0,0,0,0,0,0/16:0,0,1,-2,0,0,0,0,0,0,-1,2,0,0,0,0/16:0,0,0,0,1,-2,0,0,0,0,0,0,-1,2,0,0/16:0,0,0,0,0,0,1,-2,0,0,0,0,0,0,-1,2/16:1,1,0,0,-1,-1,0,0,0,0,0,0,0,0,0,0/16:0,0,1,1,0,0,-1,-1,0,0,0,0,0,0,0,0/16:0,0,0,0,0,0,0,0,1,0,0,0,-1,0,0,0/16:0,0,0,0,0,0,0,0,0,0,1,0,0,0,-1,0/16:0,0,0,0,1,2,-1,-2,0,0,0,0,0,0,0,0/16:0,0,0,0,0,0,0,0,1,2,-1,-2,0,0,0,0/16:0,0,0,0,0,0,0,0,0,0,0,0,1,1,-1,-1/16:0,0,0,0,0,0,0,0,1,0,0,0,0,0,0,0|F:0,4
8|2147483647||16:2,1,0,0,0,0,0,0,-2,-1,0,0,0,0,0,0/16:0,0,2,1,0,0,0,0,0,0,-2,-1,0,0,0,0/16:0,0,0,0,2,1,0,0,0,0,0,0,-2,-1,0,0/16:0,0,0,0,0,0,2,1,0,0,0,0,0,0,-2,-1/16:1,1,0,0,-1,-1,0,0,0,0,0,0,0,0,0,0/16:0,0,1,1,0,0,-1,-1,0,0,0,0,0,0,0,0/16:0,0,0,0,0,0,0,0,0,1,0,0,0,-1,0,0/16:0,0,0,0,0,0,0,0,0,0,0,1,0,0,0,-1/16:2,1,-2,-1,0,0,0,0,0,0,0,0,0,0,0,0/16:0,0,0,0,1,2,-1,-2,0,0,0,0,0,0,0,0/16:0,0,0,0,0,0,0,0,0,0,0,0,1,2,-1,-2|F:
8|2147483647||16:2,1,0,0,0,0,0,0,-2,-1,0,0,0,0,0,0/16:0,0,2,1,0,0,0,0,0,0,-2,-1,0,0,0,0/16:0,0,0,0,2,1,0,0,0,0,0,0,-2,-1,0,0/16:0,0,0,0,0,0,2,1,0,0,0,0,0,0,-2,-1/16:1,1,0,0,-1,-1,0,0,0,0,0,0,0,0,0,0/16:0,0,1,1,0,0,-1,-1,0,0,0,0,0,0,0,0/16:0,0,0,0,0,0,0,0,0,1,0,0,0,-1,0,0/16:0,0,0,0,0,0,0,0,0,0,0,1,0,0,0,-1/16:2,1,-2,-1,0,0,0,0,0,0,0,0,0,0,0,0/16:0,0,0,0,1,2,-1,-2,0,0,0,0,0,0,0,0/16:0,0,0,0,0,0,0,0,0,0,0,0,1,2,-1,-2/16:0,0,0,0,1,3,0,0,0,0,0,0,0,0,0,0|F:
6|2147483647||12:1,-2,0,0,-1,2,0,0,0,0,0,0/12:0,0,1,-2,0,0,-1,2,0,0,0,0/12:0,0,0,0,1,-2,0,0,-1,2,0,0/12:0,0,0,0,0,0,1,-2,0,0,-1,2/12:3,1,-3,-1,0,0,0,0,0,0,0,0/12:0,0,0,0,3,1,-3,-1,0,0,0,0/12:0,0,0,0,0,0,0,0,2,1,-2,-1|F:
6|2147483647||12:1,-2,0,0,-1,2,0,0,0,0,0,0/12:0,0,1,-2,0,0,-1,2,0,0,0,0/12:0,0,0,0,1,-2,0,0,-1,2,0,0/12:0,0,0,0,0,0,1,-2,0,0,-1,2/12:3,1,-3,-1,0,0,0,0,0,0,0,0/12:0,0,0,0,3,1,-3,-1,0,0,0,0/12:0,0,0,0,0,0,0,0,2,1,-2,-1/12:0,0,3,1,0,0,0,0,0,0,0,0|F:
4|2147483647||8:0,1,0,-1,0,0,0,0/8:0,0,1,2,-1,-2,0,0|F:
4|2147483647||8:0,1,0,-1,0,0,0,0/8:0,0,1,2,-1,-2,0,0/8:0,0,0,0,0,0,0,1|F:
8|2147483647|3|16:1,0,0,0,0,0,0,0,-1,0,0,0,0,0,0,0/16:0,0,1,0,0,0,0,0,0,0,-1,0,0,0,0,0/16:0,0,0,0,1,0,0,0,0,0,0,0,-1,0,0,0/16:0,0,0,0,0,0,1,0,0,0,0,0,0,0,-1,0/16:1,3,0,0,-1,-3,0,0,0,0,0,0,0,0,0,0/16:0,0,1,3,0,0,-1,-3,0,0,0,0,0,0,0,0/16:0,0,0,0,0,0,0,0,0,1,0,0,0,-1,0,0/16:0,0,0,0,0,0,0,0,0,0,0,1,0,0,0,-1/16:2,1,-2,-1,0,0,0,0,0,0,0,0,0,0,0,0/16:0,0,0,0,3,1,-3,-1,0,0,0,0,0,0,0,0/16:0,0,0,0,0,0,0,0,0,1,0,-1,0,0,0,0/16:0,0,0,0,0,0,0,0,0,0,0,0,3,1,-3,-1|F:2,3
8|2147483647|2,3|16:1,0,0,0,0,0,0,0,-1,0,0,0,0,0,0,0/16:0,0,1,0,0,0,0,0,0,0,-1,0,0,0,0,0/16:0,0,0,0,1,0,0,0,0,0,0,0,-1,0,0,0/16:0,0,0,0,0,0,1,0,0,0,0,0,0,0,-1,0/16:1,3,0,0,-1,-3,0,0,0,0,0,0,0,0,0,0/16:0,0,1,3,0,0,-1,-3,0,0,0,0,0,0,0,0/16:0,0,0,0,0,0,0,0,0,1,0,0,0,-1,0,0/16:0,0,0,0,0,0,0,0,0,0,0,1,0,0,0,-1/16:2,1,-2,-1,0,0,0,0,0,0,0,0,0,0,0,0/16:0,0,0,0,3,1,-3,-1,0,0,0,0,0,0,0,0/16:0,0,0,0,0,0,0,0,0,1,0,-1,0,0,0,0/16:0,0,0,0,0,0,0,0,0,0,0,0,3,1,-3,-1/16:0,0,0,0,0,0,0,0,0,0,1,3,0,0,0,0|F:2,3
3|2147483647|1,2|6:1,0,-1,0,0,0/6:0,0,1,2,-1,-2|F:1,2
3|2147483647|1,2|6:1,0,-1,0,0,0/6:0,0,1,2,-1,-2/6:0,0,0,0,0,1|F:1,2
8|2147483647|3|16:3,1,0,0,0,0,0,0,-3,-1,0,0,0,0,0,0/16:0,0,3,1,0,0,0,0,0,0,-3,-1,0,0,0,0/16:0,0,0,0,3,1,0,0,0,0,0,0,-3,-1,0,0/16:0,0,0,0,0,0,3,1,0,0,0,0,0,0,-3,-1/16:1,3,0,0,-1,-3,0,0,0,0,0,0,0,0,0,0/16:0,0,1,3,0,0,-1,-3,0,0,0,0,0,0,0,0/16:1,-2,-1,2,0,0,0,0,0,0,0,0,0,0,0,0/16:0,0,0,0,3,1,-3,-1,0,0,0,0,0,0,0,0/16:0,0,0,0,0,0,0,0,0,0,0,0,3,1,-3,-1|F:3
8|2147483647|3|16:3,1,0,0,0,0,0,0,-3,-1,0,0,0,0,0,0/16:0,0,3,1,0,0,0,0,0,0,-3,-1,0,0,0,0/16:0,0,0,0,3,1,0,0,0,0,0,0,-3,-1,0,0/16:0,0,0,0,0,0,3,1,0,0,0,0,0,0,-3,-1/16:1,3,0,0,-1,-3,0,0,0,0,0,0,0,0,0,0/16:0,0,1,3,0,0,-1,-3,0,0,0,0,0,0,0,0/16:1,-2,-1,2,0,0,0,0,0,0,0,0,0,0,0,0/16:0,0,0,0,3,1,-3,-1,0,0,0,0,0,0,0,0/16:0,0,0,0,0,0,0,0,0,0,0,0,3,1,-3,-1/16:0,0,1,1,0,0,0,0,0,0,0,0,0,0,0,0|F:1,3
2|2147483647|0,1|4:1,0,-1,0|T:0,1
8|2147483647||16:0,1,0,0,0,0,0,0,0,-1,0,0,0,0,0,0/16:0,0,0,1,0,0,0,0,0,0,0,-1,0,0,0,0/16:0,0,0,0,0,1,0,0,0,0,0,0,0,-1,0,0/16:0,0,0,0,0,0,0,1,0,0,0,0,0,0,0,-1/16:1,1,-1,-1,0,0,0,0,0,0,0,0,0,0,0,0/16:0,0,1,-2,-1,2,0,0,0,0,0,0,0,0,0,0/16:0,0,0,0,2,1,-2,-1,0,0,0,0,0,0,0,0/16:0,0,0,0,0,0,0,0,0,0,1,2,-1,-2,0,0/16:0,0,0,0,0,0,0,0,0,0,0,0,2,1,-2,-1|F:
8|2147483647||16:0,1,0,0,0,0,0,0,0,-1,0,0,0,0,0,0/16:0,0,0,1,0,0,0,0,0,0,0,-1,0,0,0,0/16:0,0,0,0,0,1,0,0,0,0,0,0,0,-1,0,0/16:0,0,0,0,0,0,0,1,0,0,0,0,0,0,0,-1/16:1,1,-1,-1,0,0,0,0,0,0,0,0,0,0,0,0/16:0,0,1,-2,-1,2,0,0,0,0,0,0,0,0,0,0/16:0,0,0,0,2,1,-2,-1,0,0,0,0,0,0,0,0/16:0,0,0,0,0,0,0,0,0,0,1,2,-1,-2,0,0/16:0,0,0,0,0,0,0,0,0,0,0,0,2,1,-2,-1/16:0,0,0,0,0,0,1,1,0,0,0,0,0,0,0,0|F:
6|2147483647|0,3,4|12:1,0,0,0,-1,0,0,0,0,0,0,0/12:0,0,1,0,0,0,-1,0,0,0,0,0/12:0,0,0,0,1,3,0,0,-1,-3,0,0/12:0,0,0,0,0,0,1,3,0,0,-1,-3/12:1,2,-1,-2,0,0,0,0,0,0,0,0/12:0,0,0,0,1,3,-1,-3,0,0,0,0/12:0,0,0,0,0,0,0,0,1,-2,-1,2|T:0,1,2,3,4,5
6|2147483647|1,4,5|12:1,0,0,0,-1,0,0,0,0,0,0,0/12:0,0,1,0,0,0,-1,0,0,0,0,0/12:0,0,0,0,1,2,0,0,-1,-2,0,0/12:0,0,0,0,0,0,1,2,0,0,-1,-2/12:0,1,0,-1,0,0,0,0,0,0,0,0/12:0,0,0,0,1,1,-1,-1,0,0,0,0/12:0,0,0,0,0,0,0,0,1,2,-1,-2|T:0,1,2,3,4,5
6|2147483647|0,2,3|12:0,0,0,0,1,1,0,0,-1,-1,0,0/12:0,0,0,0,0,0,1,1,0,0,-1,-1/12:3,1,-3,-1,0,0,0,0,0,0,0,0/12:0,0,0,0,1,-2,-1,2,0,0,0,0/12:0,0,0,0,0,0,0,0,1,-2,-1,2|F:0,2,3
6|2147483647|0,2,3|12:0,0,0,0,1,1,0,0,-1,-1,0,0/12:0,0,0,0,0,0,1,1,0,0,-1,-1/12:3,1,-3,-1,0,0,0,0,0,0,0,0/12:0,0,0,0,1,-2,-1,2,0,0,0,0/12:0,0,0,0,0,0,0,0,1,-2,-1,2/12:0,0,0,0,0,0,0,0,0,0,1,0|F:0,2,3,4,5
8|2147483647|2|16:1,3,0,0,0,0,0,0,-1,-3,0,0,0,0,0,0/16:0,0,1,3,0,0,0,0,0,0,-1,-3,0,0,0,0/16:0,0,0,0,1,3,0,0,0,0,0,0,-1,-3,0,0/16:0,0,0,0,0,0,1,3,0,0,0,0,0,0,-1,-3/16:3,1,0,0,-3,-1,0,0,0,0,0,0,0,0,0,0/16:0,0,3,1,0,0,-3,-1,0,0,0,0,0,0,0,0/16:0,0,0,0,0,0,0,0,3,1,0,0,-3,-1,0,0/16:0,0,0,0,0,0,0,0,0,0,3,1,0,0,-3,-1/16:3,1,-3,-1,0,0,0,0,0,0,0,0,0,0,0,0/16:0,0,0,0,0,0,0,0,2,1,-2,-1,0,0,0,0/16:0,0,0,0,0,0,0,0,0,0,0,0,1,-2,-1,2|F:2
8|2147483647|2|16:1,3,0,0,0,0,0,0,-1,-3,0,0,0,0,0,0/16:0,0,1,3,0,0,0,0,0,0,-1,-3,0,0,0,0/16:0,0,0,0,1,3,0,0,0,0,0,0,-1,-3,0,0/16:0,0,0,0,0,0,1,3,0,0,0,0,0,0,-1,-3/16:3,1,0,0,-3,-1,0,0,0,0,0,0,0,0,0,0/16:0,0,3,1,0,0,-3,-1,0,0,0,0,0,0,0,0/16:0,0,0,0,0,0,0,0,3,1,0,0,-3,-1,0,0/16:0,0,0,0,0,0,0,0,0,0,3,1,0,0,-3,-1/16:3,1,-3,-1,0,0,0,0,0,0,0,0,0,0,0,0/16:0,0,0,0,0,0,0,0,2,1,-2,-1,0,0,0,0/16:0,0,0,0,0,0,0,0,0,0,0,0,1,-2,-1,2/16:0,0,0,0,0,0,0,0,0,0,1,0,0,0,0,0|F:2
8|2147483647|7|16:1,2,0,0,0,0,0,0,-1,-2,0,0,0,0,0,0/16:0,0,1,2,0,0,0,0,0,0,-1,-2,0,0,0,0/16:0,0,0,0,1,2,0,0,0,0,0,0,-1,-2,0,0/16:0,0,0,0,0,0,1,2,0,0,0,0,0,0,-1,-2/16:1,-2,0,0,-1,2,0,0,0,0,0,0,0,0,0,0/16:0,0,1,-2,0,0,-1,2,0,0,0,0,0,0,0,0/16:0,0,0,0,0,0,0,0,1,-2,0,0,-1,2,0,0/16:0,0,0,0,0,0,0,0,0,0,1,-2,0,0,-1,2/16:2,1,-2,-1,0,0,0,0,0,0,0,0,0,0,0,0/16:0,0,0,0,3,1,-3,-1,0,0,0,0,0,0,0,0/16:0,0,0,0,0,0,0,0,0,0,0,0,0,1,0,-1|F:7
8|2147483647|7|16:1,2,0,0,0,0,0,0,-1,-2,0,0,0,0,0,0/16:0,0,1,2,0,0,0,0,0,0,-1,-2,0,0,0,0/16:0,0,0,0,1,2,0,0,0,0,0,0,-1,-2,0,0/16:0,0,0,0,0,0,1,2,0,0,0,0,0,0,-1,-2/16:1,-2,0,0,-1,2,0,0,0,0,0,0,0,0,0,0/16:0,0,1,-2,0,0,-1,2,0,0,0,0,0,0,0,0/16:0,0,0,0,0,0,0,0,1,-2,0,0,-1,2,0,0/16:0,0,0,0,0,0,0,0,0,0,1,-2,0,0,-1,2/16:2,1,-2,-1,0,0,0,0,0,0,0,0,0,0,0,0/16:0,0,0,0,3,1,-3,-1,0,0,0,0,0,0,0,0/16:0,0,0,0,0,0,0,0,0,0,0,0,0,1,0,-1/16:0,0,0,0,0,0,0,0,0,0,1,2,0,0,0,0|F:5,7
4|2147483647||8:3,1,0,0,-3,-1,0,0/8:0,0,3,1,0,0,-3,-1/8:1,2,-1,-2,0,0,0,0/8:0,0,0,0,1,1,-1,-1|F:
4|2147483647||8:3,1,0,0,-3,-1,0,0/8:0,0,3,1,0,0,-3,-1/8:1,2,-1,-2,0,0,0,0/8:0,0,0,0,1,1,-1,-1/8:0,0,0,0,1,3,0,0|F:
8|2147483647|6|16:1,3,0,0,0,0,0,0,-1,-3,0,0,0,0,0,0/16:0,0,1,3,0,0,0,0,0,0,-1,-3,0,0,0,0/16:0,0,0,0,1,3,0,0,0,0,0,0,-1,-3,0,0/16:0,0,0,0,0,0,1,3,0,0,0,0,0,0,-1,-3/16:0,0,1,-2,-1,2,0,0,0,0,0,0,0,0,0,0/16:0,0,0,0,1,1,-1,-1,0,0,0,0,0,0,0,0/16:0,0,0,0,0,0,0,0,0,0,0,1,0,-1,0,0/16:0,0,0,0,0,0,0,0,0,0,0,0,1,0,-1,0|F:6
8|2147483647|6|16:1,3,0,0,0,0,0,0,-1,-3,0,0,0,0,0,0/16:0,0,1,3,0,0,0,0,0,0,-1,-3,0,0,0,0/16:0,0,0,0,1,3,0,0,0,0,0,0,-1,-3,0,0/16:0,0,0,0,0,0,1,3,0,0,0,0,0,0,-1,-3/16:0,0,1,-2,-1,2,0,0,0,0,0,0,0,0,0,0/16:0,0,0,0,1,1,-1,-1,0,0,0,0,0,0,0,0/16:0,0,0,0,0,0,0,0,0,0,0,1,0,-1,0,0/16:0,0,0,0,0,0,0,0,0,0,0,0,1,0,-1,0/16:0,0,0,0,0,0,0,0,2,1,0,0,0,0,0,0|F:6
16|2147483647|2,9|32:1,0,0,0,0,0,0,0,0,0,0,0,0,0,0,0,-1,0,0,0,0,0,0,0,0,0,0,0,0,0,0,0/32:0,0,1,0,0,0,0,0,0,0,0,0,0,0,0,0,0,0,-1,0,0,0,0,0,0,0,0,0,0,0,0,0/32:0,0,0,0,1,0,0,0,0,0,0,0,0,0,0,0,0,0,0,0,-1,0,0,0,0,0,0,0,0,0,0,0/32:0,0,0,0,0,0,1,0,0,0,0,0,0,0,0,0,0,0,0,0,0,0,-1,0,0,0,0,0,0,0,0,0/32:0,0,0,0,0,0,0,0,1,0,0,0,0,0,0,0,0,0,0,0,0,0,0,0,-1,0,0,0,0,0,0,0/32:0,0,0,0,0,0,0,0,0,0,1,0,0,0,0,0,0,0,0,0,0,0,0,0,0,0,-1,0,0,0,0,0/32:0,0,0,0,0,0,0,0,0,0,0,0,1,0,0,0,0,0,0,0,0,0,0,0,0,0,0,0,-1,0,0,0/32:0,0,0,0,0,0,0,0,0,0,0,0,0,0,1,0,0,0,0,0,0,0,0,0,0,0,0,0,0,0,-1,0/32:0,0,0,0,0,0,0,0,0,0,0,0,0,0,0,0,1,3,0,0,0,0,0,0,-1,-3,0,0,0,0,0,0/32:0,0,0,0,0,0,0,0,0,0,0,0,0,0,0,0,0,0,1,3,0,0,0,0,0,0,-1,-3,0,0,0,0/32:0,0,0,0,0,0,0,0,0,0,0,0,0,0,0,0,0,0,0,0,1,3,0,0,0,0,0,0,-1,-3,0,0/32:0,0,0,0,0,0,0,0,0,0,0,0,0,0,0,0,0,0,0,0,0,0,1,3,0,0,0,0,0,0,-1,-3/32:1,3,0,0,-1,-3,0,0,0,0,0,0,0,0,0,0,0,0,0,0,0,0,0,0,0,0,0,0,0,0,0,0/32:0,0,1,3,0,0,-1,-3,0,0,0,0,0,0,0,0,0,0,0,0,0,0,0,0,0,0,0,0,0,0,0,0/32:0,0,0,0,0,0,0,0,1,2,0,0,-1,-2,0,0,0,0,0,0,0,0,0,0,0,0,0,0,0,0,0,0/32:0,0,0,0,0,0,0,0,0,0,1,2,0,0,-1,-2,0,0,0,0,0,0,0,0,0,0,0,0,0,0,0,0/32:0,0,0,0,0,0,0,0,0,0,0,0,0,0,0,0,1,0,0,0,-1,0,0,0,0,0,0,0,0,0,0,0/32:0,0,0,0,0,0,0,0,0,0,0,0,0,0,0,0,0,0,1,0,0,0,-1,0,0,0,0,0,0,0,0,0/32:1,2,-1,-2,0,0,0,0,0,0,0,0,0,0,0,0,0,0,0,0,0,0,0,0,0,0,0,0,0,0,0,0/32:0,0,0,0,0,0,0,0,1,2,-1,-2,0,0,0,0,0,0,0,0,0,0,0,0,0,0,0,0,0,0,0,0/32:0,0,0,0,0,0,0,0,0,0,0,0,1,-2,-1,2,0,0,0,0,0,0,0,0,0,0,0,0,0,0,0,0/32:0,0,0,0,0,0,0,0,0,0,0,0,0,0,0,0,1,3,-1,-3,0,0,0,0,0,0,0,0,0,0,0,0/32:0,0,0,0,0,0,0,0,0,0,0,0,0,0,0,0,0,0,0,0,1,3,-1,-3,0,0,0,0,0,0,0,0/32:0,0,0,0,0,0,0,0,0,0,0,0,0,0,0,0,0,0,0,0,0,0,0,0,1,0,-1,0,0,0,0,0/32:0,0,0,0,0,0,0,0,0,0,0,0,0,0,0,0,0,0,0,0,0,0,0,0,0,0,0,0,1,1,-1,-1|F:0,1,2,3,8,9
16|2147483647|0,1,2,3,8,9|32:1,0,0,0,0,0,0,0,0,0,0,0,0,0,0,0,-1,0,0,0,0,0,0,0,0,0,0,0,0,0,0,0/32:0,0,1,0,0,0,0,0,0,0,0,0,0,0,0,0,0,0,-1,0,0,0,0,0,0,0,0,0,0,0,0,0/32:0,0,0,0,1,0,0,0,0,0,0,0,0,0,0,0,0,0,0,0,-1,0,0,0,0,0,0,0,0,0,0,0/32:0,0,0,0,0,0,1,0,0,0,0,0,0,0,0,0,0,0,0,0,0,0,-1,0,0,0,0,0,0,0,0,0/32:0,0,0,0,0,0,0,0,1,0,0,0,0,0,0,0,0,0,0,0,0,0,0,0,-1,0,0,0,0,0,0,0/32:0,0,0,0,0,0,0,0,0,0,1,0,0,0,0,0,0,0,0,0,0,0,0,0,0,0,-1,0,0,0,0,0/32:0,0,0,0,0,0,0,0,0,0,0,0,1,0,0,0,0,0,0,0,0,0,0,0,0,0,0,0,-1,0,0,0/32:0,0,0,0,0,0,0,0,0,0,0,0,0,0,1,0,0,0,0,0,0,0,0,0,0,0,0,0,0,0,-1,0/32:0,0,0,0,0,0,0,0,0,0,0,0,0,0,0,0,1,3,0,0,0,0,0,0,-1,-3,0,0,0,0,0,0/32:0,0,0,0,0,0,0,0,0,0,0,0,0,0,0,0,0,0,1,3,0,0,0,0,0,0,-1,-3,0,0,0,0/32:0,0,0,0,0,0,0,0,0,0,0,0,0,0,0,0,0,0,0,0,1,3,0,0,0,0,0,0,-1,-3,0,0/32:0,0,0,0,0,0,0,0,0,0,0,0,0,0,0,0,0,0,0,0,0,0,1,3,0,0,0,0,0,0,-1,-3/32:1,3,0,0,-1,-3,0,0,0,0,0,0,0,0,0,0,0,0,0,0,0,0,0,0,0,0,0,0,0,0,0,0/32:0,0,1,3,0,0,-1,-3,0,0,0,0,0,0,0,0,0,0,0,0,0,0,0,0,0,0,0,0,0,0,0,0/32:0,0,0,0,0,0,0,0,1,2,0,0,-1,-2,0,0,0,0,0,0,0,0,0,0,0,0,0,0,0,0,0,0/32:0,0,0,0,0,0,0,0,0,0,1,2,0,0,-1,-2,0,0,0,0,0,0,0,0,0,0,0,0,0,0,0,0/32:0,0,0,0,0,0,0,0,0,0,0,0,0,0,0,0,1,0,0,0,-1,0,0,0,0,0,0,0,0,0,0,0/32:0,0,0,0,0,0,0,0,0,0,0,0,0,0,0,0,0,0,1,0,0,0,-1,0,0,0,0,0,0,0,0,0/32:1,2,-1,-2,0,0,0,0,0,0,0,0,0,0,0,0,0,0,0,0,0,0,0,0,0,0,0,0,0,0,0,0/32:0,0,0,0,0,0,0,0,1,2,-1,-2,0,0,0,0,0,0,0,0,0,0,0,0,0,0,0,0,0,0,0,0/32:0,0,0,0,0,0,0,0,0,0,0,0,1,-2,-1,2,0,0,0,0,0,0,0,0,0,0,0,0,0,0,0,0/32:0,0,0,0,0,0,0,0,0,0,0,0,0,0,0,0,1,3,-1,-3,0,0,0,0,0,0,0,0,0,0,0,0/32:0,0,0,0,0,0,0,0,0,0,0,0,0,0,0,0,0,0,0,0,1,3,-1,-3,0,0,0,0,0,0,0,0/32:0,0,0,0,0,0,0,0,0,0,0,0,0,0,0,0,0,0,0,0,0,0,0,0,1,0,-1,0,0,0,0,0/32:0,0,0,0,0,0,0,0,0,0,0,0,0,0,0,0,0,0,0,0,0,0,0,0,0,0,0,0,1,1,-1,-1/32:1,0,0,0,0,0,0,0,0,0,0,0,0,0,0,0,0,0,0,0,0,0,0,0,0,0,0,0,0,0,0,0|F:0,1,2,3,8,9
4|2147483647|1,2,3|8:2,1,-2,-1,0,0,0,0/8:0,0,1,0,-1,0,0,0/8:0,0,0,0,0,1,0,-1|F:1,2,3
4|2147483647|1,2,3|8:2,1,-2,-1,0,0,0,0/8:0,0,1,0,-1,0,0,0/8:0,0,0,0,0,1,0,-1/8:0,0,0,0,0,0,1,0|F:1,2,3
3|2147483647|0,1,2|6:0,0,1,-2,-1,2|T:0,1,2
8|2147483647|1,5,6|16:1,2,0,0,0,0,0,0,-1,-2,0,0,0,0,0,0/16:0,0,1,2,0,0,0,0,0,0,-1,-2,0,0,0,0/16:0,0,0,0,1,2,0,0,0,0,0,0,-1,-2,0,0/16:0,0,0,0,0,0,1,2,0,0,0,0,0,0,-1,-2/16:3,1,0,0,-3,-1,0,0,0,0,0,0,0,0,0,0/16:0,0,3,1,0,0,-3,-1,0,0,0,0,0,0,0,0/16:0,0,0,0,0,0,0,0,1,0,0,0,-1,0,0,0/16:0,0,0,0,0,0,0,0,0,0,1,0,0,0,-1,0/16:1,2,-1,-2,0,0,0,0,0,0,0,0,0,0,0,0/16:0,0,0,0,2,1,-2,-1,0,0,0,0,0,0,0,0/16:0,0,0,0,0,0,0,0,0,1,0,-1,0,0,0,0|F:1,4,5,6
8|2147483647|1,4,5,6|16:1,2,0,0,0,0,0,0,-1,-2,0,0,0,0,0,0/16:0,0,1,2,0,0,0,0,0,0,-1,-2,0,0,0,0/16:0,0,0,0,1,2,0,0,0,0,0,0,-1,-2,0,0/16:0,0,0,0,0,0,1,2,0,0,0,0,0,0,-1,-2/16:3,1,0,0,-3,-1,0,0,0,0,0,0,0,0,0,0/16:0,0,3,1,0,0,-3,-1,0,0,0,0,0,0,0,0/16:0,0,0,0,0,0,0,0,1,0,0,0,-1,0,0,0/16:0,0,0,0,0,0,0,0,0,0,1,0,0,0,-1,0/16:1,2,-1,-2,0,0,0,0,0,0,0,0,0,0,0,0/16:0,0,0,0,2,1,-2,-1,0,0,0,0,0,0,0,0/16:0,0,0,0,0,0,0,0,0,1,0,-1,0,0,0,0/16:0,0,0,0,0,0,0,0,0,0,0,0,1,3,0,0|F:1,4,5,6
6|2147483647||12:0,1,0,0,0,-1,0,0,0,0,0,0/12:0,0,0,1,0,0,0,-1,0,0,0,0/12:0,0,0,0,1,0,0,0,-1,0,0,0/12:0,0,0,0,0,0,1,0,0,0,-1,0/12:1,3,-1,-3,0,0,0,0,0,0,0,0/12:0,0,0,0,1,3,-1,-3,0,0,0,0/12:0,0,0,0,0,0,0,0,2,1,-2,-1|F:
6|2147483647||12:0,1,0,0,0,-1,0,0,0,0,0,0/12:0,0,0,1,0,0,0,-1,0,0,0,0/12:0,0,0,0,1,0,0,0,-1,0,0,0/12:0,0,0,0,0,0,1,0,0,0,-1,0/12:1,3,-1,-3,0,0,0,0,0,0,0,0/12:0,0,0,0,1,3,-1,-3,0,0,0,0/12:0,0,0,0,0,0,0,0,2,1,-2,-1/12:0,0,0,0,1,1,0,0,0,0,0,0|F:
8|2147483647||16:2,1,0,0,0,0,0,0,-2,-1,0,0,0,0,0,0/16:0,0,2,1,0,0,0,0,0,0,-2,-1,0,0,0,0/16:0,0,0,0,2,1,0,0,0,0,0,0,-2,-1,0,0/16:0,0,0,0,0,0,2,1,0,0,0,0,0,0,-2,-1/16:2,1,0,0,-2,-1,0,0,0,0,0,0,0,0,0,0/16:0,0,2,1,0,0,-2,-1,0,0,0,0,0,0,0,0/16:0,0,0,0,0,0,0,0,1,3,0,0,-1,-3,0,0/16:0,0,0,0,0,0,0,0,0,0,1,3,0,0,-1,-3/16:1,1,-1,-1,0,0,0,0,0,0,0,0,0,0,0,0/16:0,0,0,0,1,0,-1,0,0,0,0,0,0,0,0,0/16:0,0,0,0,0,0,0,0,2,1,-2,-1,0,0,0,0/16:0,0,0,0,0,0,0,0,0,0,0,0,1,1,-1,-1|F:
8|2147483647||16:2,1,0,0,0,0,0,0,-2,-1,0,0,0,0,0,0/16:0,0,2,1,0,0,0,0,0,0,-2,-1,0,0,0,0/16:0,0,0,0,2,1,0,0,0,0,0,0,-2,-1,0,0/16:0,0,0,0,0,0,2,1,0,0,0,0,0,0,-2,-1/16:2,1,0,0,-2,-1,0,0,0,0,0,0,0,0,0,0/16:0,0,2,1,0,0,-2,-1,0,0,0,0,0,0,0,0/16:0,0,0,0,0,0,0,0,1,3,0,0,-1,-3,0,0/16:0,0,0,0,0,0,0,0,0,0,1,3,0,0,-1,-3/16:1,1,-1,-1,0,0,0,0,0,0,0,0,0,0,0,0/16:0,0,0,0,1,0,-1,0,0,0,0,0,0,0,0,0/16:0,0,0,0,0,0,0,0,2,1,-2,-1,0,0,0,0/16:0,0,0,0,0,0,0,0,0,0,0,0,1,1,-1,-1/16:0,0,0,0,0,0,1,1,0,0,0,0,0,0,0,0|F:
3|2147483647|0,2|6:1,0,-1,0,0,0/6:0,0,1,0,-1,0|F:0,2
3|2147483647|0,2|6:1,0,-1,0,0,0/6:0,0,1,0,-1,0/6:1,-2,0,0,0,0|F:0,2
3|2147483647||6:0,1,0,-1,0,0/6:0,0,1,0,-1,0|F:
3|2147483647||6:0,1,0,-1,0,0/6:0,0,1,0,-1,0/6:0,0,0,0,3,1|F:
4|2147483647|2|8:1,0,-1,0,0,0,0,0/8:0,0,2,1,-2,-1,0,0/8:0,0,0,0,2,1,-2,-1|F:2
4|2147483647|2|8:1,0,-1,0,0,0,0,0/8:0,0,2,1,-2,-1,0,0/8:0,0,0,0,2,1,-2,-1/8:0,0,0,0,0,0,1,0|F:2,3
4|2147483647||8:1,0,-1,0,0,0,0,0/8:0,0,3,1,-3,-1,0,0/8:0,0,0,0,1,-2,-1,2|F:
4|2147483647||8:1,0,-1,0,0,0,0,0/8:0,0,3,1,-3,-1,0,0/8:0,0,0,0,1,-2,-1,2/8:0,0,0,0,2,1,0,0|F:
3|2147483647|0,2|6:0,0,1,1,-1,-1|F:0,2
3|2147483647|0,2|6:0,0,1,1,-1,-1/6:0,0,1,1,0,0|F:0,2
8|2147483647||16:0,1,0,0,0,0,0,0,0,-1,0,0,0,0,0,0/16:0,0,0,1,0,0,0,0,0,0,0,-1,0,0,0,0/16:0,0,0,0,0,1,0,0,0,0,0,0,0,-1,0,0/16:0,0,0,0,0,0,0,1,0,0,0,0,0,0,0,-1/16:3,1,-3,-1,0,0,0,0,0,0,0,0,0,0,0,0/16:0,0,1,2,-1,-2,0,0,0,0,0,0,0,0,0,0/16:0,0,0,0,1,1,-1,-1,0,0,0,0,0,0,0,0/16:0,0,0,0,0,0,0,0,1,-2,-1,2,0,0,0,0/16:0,0,0,0,0,0,0,0,0,0,1,1,-1,-1,0,0/16:0,0,0,0,0,0,0,0,0,0,0,0,2,1,-2,-1|F:
8|2147483647||16:0,1,0,0,0,0,0,0,0,-1,0,0,0,0,0,0/16:0,0,0,1,0,0,0,0,0,0,0,-1,0,0,0,0/16:0,0,0,0,0,1,0,0,0,0,0,0,0,-1,0,0/16:0,0,0,0,0,0,0,1,0,0,0,0,0,0,0,-1/16:3,1,-3,-1,0,0,0,0,0,0,0,0,0,0,0,0/16:0,0,1,2,-1,-2,0,0,0,0,0,0,0,0,0,0/16:0,0,0,0,1,1,-1,-1,0,0,0,0,0,0,0,0/16:0,0,0,0,0,0,0,0,1,-2,-1,2,0,0,0,0/16:0,0,0,0,0,0,0,0,0,0,1,1,-1,-1,0,0/16:0,0,0,0,0,0,0,0,0,0,0,0,2,1,-2,-1/16:0,0,1,0,0,0,0,0,0,0,0,0,0,0,0,0|F:
6|2147483647|0,1,4|12:1,3,-1,-3,0,0,0,0,0,0,0,0/12:0,0,3,1,-3,-1,0,0,0,0,0,0/12:0,0,0,0,0,0,1,-2,-1,2,0,0/12:0,0,0,0,0,0,0,0,1,1,-1,-1|F:0,1,4
6|2147483647|0,1,4|12:1,3,-1,-3,0,0,0,0,0,0,0,0/12:0,0,3,1,-3,-1,0,0,0,0,0,0/12:0,0,0,0,0,0,1,-2,-1,2,0,0/12:0,0,0,0,0,0,0,0,1,1,-1,-1/12:3,1,0,0,0,0,0,0,0,0,0,0|F:0,1,4
2|2147483647||4:1,2,-1,-2|F:
2|2147483647||4:1,2,-1,-2/4:0,0,1,3|F:
16|2147483647|8,15|32:3,1,0,0,0,0,0,0,0,0,0,0,0,0,0,0,-3,-1,0,0,0,0,0,0,0,0,0,0,0,0,0,0/32:0,0,3,1,0,0,0,0,0,0,0,0,0,0,0,0,0,0,-3,-1,0,0,0,0,0,0,0,0,0,0,0,0/32:0,0,0,0,3,1,0,0,0,0,0,0,0,0,0,0,0,0,0,0,-3,-1,0,0,0,0,0,0,0,0,0,0/32:0,0,0,0,0,0,3,1,0,0,0,0,0,0,0,0,0,0,0,0,0,0,-3,-1,0,0,0,0,0,0,0,0/32:0,0,0,0,0,0,0,0,3,1,0,0,0,0,0,0,0,0,0,0,0,0,0,0,-3,-1,0,0,0,0,0,0/32:0,0,0,0,0,0,0,0,0,0,3,1,0,0,0,0,0,0,0,0,0,0,0,0,0,0,-3,-1,0,0,0,0/32:0,0,0,0,0,0,0,0,0,0,0,0,3,1,0,0,0,0,0,0,0,0,0,0,0,0,0,0,-3,-1,0,0/32:0,0,0,0,0,0,0,0,0,0,0,0,0,0,3,1,0,0,0,0,0,0,0,0,0,0,0,0,0,0,-3,-1/32:0,1,0,0,0,0,0,0,0,-1,0,0,0,0,0,0,0,0,0,0,0,0,0,0,0,0,0,0,0,0,0,0/32:0,0,0,1,0,0,0,0,0,0,0,-1,0,0,0,0,0,0,0,0,0,0,0,0,0,0,0,0,0,0,0,0/32:0,0,0,0,0,1,0,0,0,0,0,0,0,-1,0,0,0,0,0,0,0,0,0,0,0,0,0,0,0,0,0,0/32:0,0,0,0,0,0,0,1,0,0,0,0,0,0,0,-1,0,0,0,0,0,0,0,0,0,0,0,0,0,0,0,0/32:0,0,0,0,0,0,0,0,0,0,0,0,0,0,0,0,0,1,0,0,0,0,0,0,0,-1,0,0,0,0,0,0/32:0,0,0,0,0,0,0,0,0,0,0,0,0,0,0,0,0,0,0,1,0,0,0,0,0,0,0,-1,0,0,0,0/32:0,0,0,0,0,0,0,0,0,0,0,0,0,0,0,0,0,0,0,0,0,1,0,0,0,0,0,0,0,-1,0,0/32:0,0,0,0,0,0,0,0,0,0,0,0,0,0,0,0,0,0,0,0,0,0,0,1,0,0,0,0,0,0,0,-1/32:1,2,0,0,-1,-2,0,0,0,0,0,0,0,0,0,0,0,0,0,0,0,0,0,0,0,0,0,0,0,0,0,0/32:0,0,1,2,0,0,-1,-2,0,0,0,0,0,0,0,0,0,0,0,0,0,0,0,0,0,0,0,0,0,0,0,0/32:0,0,0,0,0,0,0,0,1,0,0,0,-1,0,0,0,0,0,0,0,0,0,0,0,0,0,0,0,0,0,0,0/32:0,0,0,0,0,0,0,0,0,0,1,0,0,0,-1,0,0,0,0,0,0,0,0,0,0,0,0,0,0,0,0,0/32:0,0,0,0,0,0,0,0,0,0,0,0,0,0,0,0,1,3,0,0,-1,-3,0,0,0,0,0,0,0,0,0,0/32:0,0,0,0,0,0,0,0,0,0,0,0,0,0,0,0,0,0,1,3,0,0,-1,-3,0,0,0,0,0,0,0,0/32:0,0,0,0,0,0,0,0,0,0,0,0,0,0,0,0,0,0,0,0,0,0,0,0,1,3,0,0,-1,-3,0,0/32:0,0,0,0,0,0,0,0,0,0,0,0,0,0,0,0,0,0,0,0,0,0,0,0,0,0,1,3,0,0,-1,-3/32:1,-2,-1,2,0,0,0,0,0,0,0,0,0,0,0,0,0,0,0,0,0,0,0,0,0,0,0,0,0,0,0,0/32:0,0,0,0,1,2,-1,-2,0,0,0,0,0,0,0,0,0,0,0,0,0,0,0,0,0,0,0,0,0,0,0,0/32:0,0,0,0,0,0,0,0,1,3,-1,-3,0,0,0,0,0,0,0,0,0,0,0,0,0,0,0,0,0,0,0,0/32:0,0,0,0,0,0,0,0,0,0,0,0,0,0,0,0,0,0,0,0,1,0,-1,0,0,0,0,0,0,0,0,0/32:0,0,0,0,0,0,0,0,0,0,0,0,0,0,0,0,0,0,0,0,0,0,0,0,0,1,0,-1,0,0,0,0/32:0,0,0,0,0,0,0,0,0,0,0,0,0,0,0,0,0,0,0,0,0,0,0,0,0,0,0,0,3,1,-3,-1|F:8,9,10,11,12,13,14,15
16|2147483647|8,9,10,11,12,13,14,15|32:3,1,0,0,0,0,0,0,0,0,0,0,0,0,0,0,-3,-1,0,0,0,0,0,0,0,0,0,0,0,0,0,0/32:0,0,3,1,0,0,0,0,0,0,0,0,0,0,0,0,0,0,-3,-1,0,0,0,0,0,0,0,0,0,0,0,0/32:0,0,0,0,3,1,0,0,0,0,0,0,0,0,0,0,0,0,0,0,-3,-1,0,0,0,0,0,0,0,0,0,0/32:0,0,0,0,0,0,3,1,0,0,0,0,0,0,0,0,0,0,0,0,0,0,-3,-1,0,0,0,0,0,0,0,0/32:0,0,0,0,0,0,0,0,3,1,0,0,0,0,0,0,0,0,0,0,0,0,0,0,-3,-1,0,0,0,0,0,0/32:0,0,0,0,0,0,0,0,0,0,3,1,0,0,0,0,0,0,0,0,0,0,0,0,0,0,-3,-1,0,0,0,0/32:0,0,0,0,0,0,0,0,0,0,0,0,3,1,0,0,0,0,0,0,0,0,0,0,0,0,0,0,-3,-1,0,0/32:0,0,0,0,0,0,0,0,0,0,0,0,0,0,3,1,0,0,0,0,0,0,0,0,0,0,0,0,0,0,-3,-1/32:0,1,0,0,0,0,0,0,0,-1,0,0,0,0,0,0,0,0,0,0,0,0,0,0,0,0,0,0,0,0,0,0/32:0,0,0,1,0,0,0,0,0,0,0,-1,0,0,0,0,0,0,0,0,0,0,0,0,0,0,0,0,0,0,0,0/32:0,0,0,0,0,1,0,0,0,0,0,0,0,-1,0,0,0,0,0,0,0,0,0,0,0,0,0,0,0,0,0,0/32:0,0,0,0,0,0,0,1,0,0,0,0,0,0,0,-1,0,0,0,0,0,0,0,0,0,0,0,0,0,0,0,0/32:0,0,0,0,0,0,0,0,0,0,0,0,0,0,0,0,0,1,0,0,0,0,0,0,0,-1,0,0,0,0,0,0/32:0,0,0,0,0,0,0,0,0,0,0,0,0,0,0,0,0,0,0,1,0,0,0,0,0,0,0,-1,0,0,0,0/32:0,0,0,0,0,0,0,0,0,0,0,0,0,0,0,0,0,0,0,0,0,1,0,0,0,0,0,0,0,-1,0,0/32:0,0,0,0,0,0,0,0,0,0,0,0,0,0,0,0,0,0,0,0,0,0,0,1,0,0,0,0,0,0,0,-1/32:1,2,0,0,-1,-2,0,0,0,0,0,0,0,0,0,0,0,0,0,0,0,0,0,0,0,0,0,0,0,0,0,0/32:0,0,1,2,0,0,-1,-2,0,0,0,0,0,0,0,0,0,0,0,0,0,0,0,0,0,0,0,0,0,0,0,0/32:0,0,0,0,0,0,0,0,1,0,0,0,-1,0,0,0,0,0,0,0,0,0,0,0,0,0,0,0,0,0,0,0/32:0,0,0,0,0,0,0,0,0,0,1,0,0,0,-1,0,0,0,0,0,0,0,0,0,0,0,0,0,0,0,0,0/32:0,0,0,0,0,0,0,0,0,0,0,0,0,0,0,0,1,3,0,0,-1,-3,0,0,0,0,0,0,0,0,0,0/32:0,0,0,0,0,0,0,0,0,0,0,0,0,0,0,0,0,0,1,3,0,0,-1,-3,0,0,0,0,0,0,0,0/32:0,0,0,0,0,0,0,0,0,0,0,0,0,0,0,0,0,0,0,0,0,0,0,0,1,3,0,0,-1,-3,0,0/32:0,0,0,0,0,0,0,0,0,0,0,0,0,0,0,0,0,0,0,0,0,0,0,0,0,0,1,3,0,0,-1,-3/32:1,-2,-1,2,0,0,0,0,0,0,0,0,0,0,0,0,0,0,0,0,0,0,0,0,0,0,0,0,0,0,0,0/32:0,0,0,0,1,2,-1,-2,0,0,0,0,0,0,0,0,0,0,0,0,0,0,0,0,0,0,0,0,0,0,0,0/32:0,0,0,0,0,0,0,0,1,3,-1,-3,0,0,0,0,0,0,0,0,0,0,0,0,0,0,0,0,0,0,0,0/32:0,0,0,0,0,0,0,0,0,0,0,0,0,0,0,0,0,0,0,0,1,0,-1,0,0,0,0,0,0,0,0,0/32:0,0,0,0,0,0,0,0,0,0,0,0,0,0,0,0,0,0,0,0,0,0,0,0,0,1,0,-1,0,0,0,0/32:0,0,0,0,0,0,0,0,0,0,0,0,0,0,0,0,0,0,0,0,0,0,0,0,0,0,0,0,3,1,-3,-1/32:0,0,0,0,0,0,0,0,0,0,0,0,0,0,0,0,0,0,0,0,0,0,0,0,0,0,0,0,2,1,0,0|F:8,9,10,11,12,13,14,15
3|2147483647|2|6:3,1,-3,-1,0,0|F:2
3|2147483647|2|6:3,1,-3,-1,0,0/6:0,0,0,0,2,1|F:2
8|2147483647|0,3|16:1,1,0,0,0,0,0,0,-1,-1,0,0,0,0,0,0/16:0,0,1,1,0,0,0,0,0,0,-1,-1,0,0,0,0/16:0,0,0,0,1,1,0,0,0,0,0,0,-1,-1,0,0/16:0,0,0,0,0,0,1,1,0,0,0,0,0,0,-1,-1/16:0,0,0,0,0,0,0,0,2,1,0,0,-2,-1,0,0/16:0,0,0,0,0,0,0,0,0,0,2,1,0,0,-2,-1/16:0,0,0,0,2,1,-2,-1,0,0,0,0,0,0,0,0/16:0,0,0,0,0,0,0,0,0,1,0,-1,0,0,0,0/16:0,0,0,0,0,0,0,0,0,0,0,0,3,1,-3,-1|F:0,3
8|2147483647|0,3|16:1,1,0,0,0,0,0,0,-1,-1,0,0,0,0,0,0/16:0,0,1,1,0,0,0,0,0,0,-1,-1,0,0,0,0/16:0,0,0,0,1,1,0,0,0,0,0,0,-1,-1,0,0/16:0,0,0,0,0,0,1,1,0,0,0,0,0,0,-1,-1/16:0,0,0,0,0,0,0,0,2,1,0,0,-2,-1,0,0/16:0,0,0,0,0,0,0,0,0,0,2,1,0,0,-2,-1/16:0,0,0,0,2,1,-2,-1,0,0,0,0,0,0,0,0/16:0,0,0,0,0,0,0,0,0,1,0,-1,0,0,0,0/16:0,0,0,0,0,0,0,0,0,0,0,0,3,1,-3,-1/16:0,0,0,0,3,1,0,0,0,0,0,0,0,0,0,0|F:0,2,3
3|2147483647|0,1,2|6:0,0,1,0,-1,0|T:0,1,2
2|2147483647|1|4:2,1,-2,-1|F:1
2|2147483647|1|4:2,1,-2,-1/4:0,0,1,3|F:1
2|2147483647||4:1,0,-1,0|F:
2|2147483647||4:1,0,-1,0/4:1,0,0,0|F:
3|2147483647|0,1,2|6:1,3,-1,-3,0,0/6:0,0,1,3,-1,-3|T:0,1,2
16|2147483647||32:1,-2,0,0,0,0,0,0,0,0,0,0,0,0,0,0,-1,2,0,0,0,0,0,0,0,0,0,0,0,0,0,0/32:0,0,1,-2,0,0,0,0,0,0,0,0,0,0,0,0,0,0,-1,2,0,0,0,0,0,0,0,0,0,0,0,0/32:0,0,0,0,1,-2,0,0,0,0,0,0,0,0,0,0,0,0,0,0,-1,2,0,0,0,0,0,0,0,0,0,0/32:0,0,0,0,0,0,1,-2,0,0,0,0,0,0,0,0,0,0,0,0,0,0,-1,2,0,0,0,0,0,0,0,0/32:0,0,0,0,0,0,0,0,1,-2,0,0,0,0,0,0,0,0,0,0,0,0,0,0,-1,2,0,0,0,0,0,0/32:0,0,0,0,0,0,0,0,0,0,1,-2,0,0,0,0,0,0,0,0,0,0,0,0,0,0,-1,2,0,0,0,0/32:0,0,0,0,0,0,0,0,0,0,0,0,1,-2,0,0,0,0,0,0,0,0,0,0,0,0,0,0,-1,2,0,0/32:0,0,0,0,0,0,0,0,0,0,0,0,0,0,1,-2,0,0,0,0,0,0,0,0,0,0,0,0,0,0,-1,2/32:1,0,0,0,0,0,0,0,-1,0,0,0,0,0,0,0,0,0,0,0,0,0,0,0,0,0,0,0,0,0,0,0/32:0,0,1,0,0,0,0,0,0,0,-1,0,0,0,0,0,0,0,0,0,0,0,0,0,0,0,0,0,0,0,0,0/32:0,0,0,0,1,0,0,0,0,0,0,0,-1,0,0,0,0,0,0,0,0,0,0,0,0,0,0,0,0,0,0,0/32:0,0,0,0,0,0,1,0,0,0,0,0,0,0,-1,0,0,0,0,0,0,0,0,0,0,0,0,0,0,0,0,0/32:0,0,0,0,0,0,0,0,0,0,0,0,0,0,0,0,0,1,0,0,0,0,0,0,0,-1,0,0,0,0,0,0/32:0,0,0,0,0,0,0,0,0,0,0,0,0,0,0,0,0,0,0,1,0,0,0,0,0,0,0,-1,0,0,0,0/32:0,0,0,0,0,0,0,0,0,0,0,0,0,0,0,0,0,0,0,0,0,1,0,0,0,0,0,0,0,-1,0,0/32:0,0,0,0,0,0,0,0,0,0,0,0,0,0,0,0,0,0,0,0,0,0,0,1,0,0,0,0,0,0,0,-1/32:1,3,0,0,-1,-3,0,0,0,0,0,0,0,0,0,0,0,0,0,0,0,0,0,0,0,0,0,0,0,0,0,0/32:0,0,1,3,0,0,-1,-3,0,0,0,0,0,0,0,0,0,0,0,0,0,0,0,0,0,0,0,0,0,0,0,0/32:0,0,0,0,0,0,0,0,1,3,0,0,-1,-3,0,0,0,0,0,0,0,0,0,0,0,0,0,0,0,0,0,0/32:0,0,0,0,0,0,0,0,0,0,1,3,0,0,-1,-3,0,0,0,0,0,0,0,0,0,0,0,0,0,0,0,0/32:0,0,0,0,0,0,0,0,0,0,0,0,0,0,0,0,1,-2,0,0,-1,2,0,0,0,0,0,0,0,0,0,0/32:0,0,0,0,0,0,0,0,0,0,0,0,0,0,0,0,0,0,1,-2,0,0,-1,2,0,0,0,0,0,0,0,0/32:1,3,-1,-3,0,0,0,0,0,0,0,0,0,0,0,0,0,0,0,0,0,0,0,0,0,0,0,0,0,0,0,0/32:0,0,0,0,1,3,-1,-3,0,0,0,0,0,0,0,0,0,0,0,0,0,0,0,0,0,0,0,0,0,0,0,0/32:0,0,0,0,0,0,0,0,0,1,0,-1,0,0,0,0,0,0,0,0,0,0,0,0,0,0,0,0,0,0,0,0/32:0,0,0,0,0,0,0,0,0,0,0,0,1,2,-1,-2,0,0,0,0,0,0,0,0,0,0,0,0,0,0,0,0/32:0,0,0,0,0,0,0,0,0,0,0,0,0,0,0,0,1,3,-1,-3,0,0,0,0,0,0,0,0,0,0,0,0/32:0,0,0,0,0,0,0,0,0,0,0,0,0,0,0,0,0,0,0,0,1,-2,-1,2,0,0,0,0,0,0,0,0/32:0,0,0,0,0,0,0,0,0,0,0,0,0,0,0,0,0,0,0,0,0,0,0,0,1,3,-1,-3,0,0,0,0/32:0,0,0,0,0,0,0,0,0,0,0,0,0,0,0,0,0,0,0,0,0,0,0,0,0,0,0,0,0,1,0,-1|F:
16|2147483647||32:1,-2,0,0,0,0,0,0,0,0,0,0,0,0,0,0,-1,2,0,0,0,0,0,0,0,0,0,0,0,0,0,0/32:0,0,1,-2,0,0,0,0,0,0,0,0,0,0,0,0,0,0,-1,2,0,0,0,0,0,0,0,0,0,0,0,0/32:0,0,0,0,1,-2,0,0,0,0,0,0,0,0,0,0,0,0,0,0,-1,2,0,0,0,0,0,0,0,0,0,0/32:0,0,0,0,0,0,1,-2,0,0,0,0,0,0,0,0,0,0,0,0,0,0,-1,2,0,0,0,0,0,0,0,0/32:0,0,0,0,0,0,0,0,1,-2,0,0,0,0,0,0,0,0,0,0,0,0,0,0,-1,2,0,0,0,0,0,0/32:0,0,0,0,0,0,0,0,0,0,1,-2,0,0,0,0,0,0,0,0,0,0,0,0,0,0,-1,2,0,0,0,0/32:0,0,0,0,0,0,0,0,0,0,0,0,1,-2,0,0,0,0,0,0,0,0,0,0,0,0,0,0,-1,2,0,0/32:0,0,0,0,0,0,0,0,0,0,0,0,0,0,1,-2,0,0,0,0,0,0,0,0,0,0,0,0,0,0,-1,2/32:1,0,0,0,0,0,0,0,-1,0,0,0,0,0,0,0,0,0,0,0,0,0,0,0,0,0,0,0,0,0,0,0/32:0,0,1,0,0,0,0,0,0,0,-1,0,0,0,0,0,0,0,0,0,0,0,0,0,0,0,0,0,0,0,0,0/32:0,0,0,0,1,0,0,0,0,0,0,0,-1,0,0,0,0,0,0,0,0,0,0,0,0,0,0,0,0,0,0,0/32:0,0,0,0,0,0,1,0,0,0,0,0,0,0,-1,0,0,0,0,0,0,0,0,0,0,0,0,0,0,0,0,0/32:0,0,0,0,0,0,0,0,0,0,0,0,0,0,0,0,0,1,0,0,0,0,0,0,0,-1,0,0,0,0,0,0/32:0,0,0,0,0,0,0,0,0,0,0,0,0,0,0,0,0,0,0,1,0,0,0,0,0,0,0,-1,0,0,0,0/32:0,0,0,0,0,0,0,0,0,0,0,0,0,0,0,0,0,0,0,0,0,1,0,0,0,0,0,0,0,-1,0,0/32:0,0,0,0,0,0,0,0,0,0,0,0,0,0,0,0,0,0,0,0,0,0,0,1,0,0,0,0,0,0,0,-1/32:1,3,0,0,-1,-3,0,0,0,0,0,0,0,0,0,0,0,0,0,0,0,0,0,0,0,0,0,0,0,0,0,0/32:0,0,1,3,0,0,-1,-3,0,0,0,0,0,0,0,0,0,0,0,0,0,0,0,0,0,0,0,0,0,0,0,0/32:0,0,0,0,0,0,0,0,1,3,0,0,-1,-3,0,0,0,0,0,0,0,0,0,0,0,0,0,0,0,0,0,0/32:0,0,0,0,0,0,0,0,0,0,1,3,0,0,-1,-3,0,0,0,0,0,0,0,0,0,0,0,0,0,0,0,0/32:0,0,0,0,0,0,0,0,0,0,0,0,0,0,0,0,1,-2,0,0,-1,2,0,0,0,0,0,0,0,0,0,0/32:0,0,0,0,0,0,0,0,0,0,0,0,0,0,0,0,0,0,1,-2,0,0,-1,2,0,0,0,0,0,0,0,0/32:1,3,-1,-3,0,0,0,0,0,0,0,0,0,0,0,0,0,0,0,0,0,0,0,0,0,0,0,0,0,0,0,0/32:0,0,0,0,1,3,-1,-3,0,0,0,0,0,0,0,0,0,0,0,0,0,0,0,0,0,0,0,0,0,0,0,0/32:0,0,0,0,0,0,0,0,0,1,0,-1,0,0,0,0,0,0,0,0,0,0,0,0,0,0,0,0,0,0,0,0/32:0,0,0,0,0,0,0,0,0,0,0,0,1,2,-1,-2,0,0,0,0,0,0,0,0,0,0,0,0,0,0,0,0/32:0,0,0,0,0,0,0,0,0,0,0,0,0,0,0,0,1,3,-1,-3,0,0,0,0,0,0,0,0,0,0,0,0/32:0,0,0,0,0,0,0,0,0,0,0,0,0,0,0,0,0,0,0,0,1,-2,-1,2,0,0,0,0,0,0,0,0/32:0,0,0,0,0,0,0,0,0,0,0,0,0,0,0,0,0,0,0,0,0,0,0,0,1,3,-1,-3,0,0,0,0/32:0,0,0,0,0,0,0,0,0,0,0,0,0,0,0,0,0,0,0,0,0,0,0,0,0,0,0,0,0,1,0,-1/32:0,0,0,0,0,0,2,1,0,0,0,0,0,0,0,0,0,0,0,0,0,0,0,0,0,0,0,0,0,0,0,0|F:
4|2147483647|2|8:0,1,0,0,0,-1,0,0/8:0,0,0,1,0,0,0,-1/8:1,0,-1,0,0,0,0,0/8:0,0,0,0,1,0,-1,0|F:2
4|2147483647|2|8:0,1,0,0,0,-1,0,0/8:0,0,0,1,0,0,0,-1/8:1,0,-1,0,0,0,0,0/8:0,0,0,0,1,0,-1,0/8:0,0,0,0,1,-2,0,0|F:2
8|2147483647||16:1,3,0,0,0,0,0,0,-1,-3,0,0,0,0,0,0/16:0,0,1,3,0,0,0,0,0,0,-1,-3,0,0,0,0/16:0,0,0,0,1,3,0,0,0,0,0,0,-1,-3,0,0/16:0,0,0,0,0,0,1,3,0,0,0,0,0,0,-1,-3/16:1,1,0,0,-1,-1,0,0,0,0,0,0,0,0,0,0/16:0,0,1,1,0,0,-1,-1,0,0,0,0,0,0,0,0/16:0,0,0,0,0,0,0,0,1,3,0,0,-1,-3,0,0/16:0,0,0,0,0,0,0,0,0,0,1,3,0,0,-1,-3/16:1,2,-1,-2,0,0,0,0,0,0,0,0,0,0,0,0/16:0,0,0,0,0,0,0,0,2,1,-2,-1,0,0,0,0|F:
8|2147483647||16:1,3,0,0,0,0,0,0,-1,-3,0,0,0,0,0,0/16:0,0,1,3,0,0,0,0,0,0,-1,-3,0,0,0,0/16:0,0,0,0,1,3,0,0,0,0,0,0,-1,-3,0,0/16:0,0,0,0,0,0,1,3,0,0,0,0,0,0,-1,-3/16:1,1,0,0,-1,-1,0,0,0,0,0,0,0,0,0,0/16:0,0,1,1,0,0,-1,-1,0,0,0,0,0,0,0,0/16:0,0,0,0,0,0,0,0,1,3,0,0,-1,-3,0,0/16:0,0,0,0,0,0,0,0,0,0,1,3,0,0,-1,-3/16:1,2,-1,-2,0,0,0,0,0,0,0,0,0,0,0,0/16:0,0,0,0,0,0,0,0,2,1,-2,-1,0,0,0,0/16:0,0,0,0,0,0,0,0,2,1,0,0,0,0,0,0|F:
2|2147483647|0,1|4:1,2,-1,-2|T:0,1
2|2147483647|1|4:0,1,0,-1|F:1
2|2147483647|1|4:0,1,0,-1/4:3,1,0,0|T:0,1
6|2147483647|0,2|12:1,1,0,0,-1,-1,0,0,0,0,0,0/12:0,0,1,1,0,0,-1,-1,0,0,0,0/12:0,0,0,0,1,3,0,0,-1,-3,0,0/12:0,0,0,0,0,0,1,3,0,0,-1,-3/12:1,-2,-1,2,0,0,0,0,0,0,0,0/12:0,0,0,0,1,1,-1,-1,0,0,0,0/12:0,0,0,0,0,0,0,0,1,1,-1,-1|F:0,1,2
6|2147483647|0,1,2|12:1,1,0,0,-1,-1,0,0,0,0,0,0/12:0,0,1,1,0,0,-1,-1,0,0,0,0/12:0,0,0,0,1,3,0,0,-1,-3,0,0/12:0,0,0,0,0,0,1,3,0,0,-1,-3/12:1,-2,-1,2,0,0,0,0,0,0,0,0/12:0,0,0,0,1,1,-1,-1,0,0,0,0/12:0,0,0,0,0,0,0,0,1,1,-1,-1/12:0,0,0,1,0,0,0,0,0,0,0,0|F:0,1,2
3|2147483647|0,1,2|6:2,1,-2,-1,0,0|T:0,1,2
16|2147483647|7,15|32:1,0,0,0,0,0,0,0,0,0,0,0,0,0,0,0,-1,0,0,0,0,0,0,0,0,0,0,0,0,0,0,0/32:0,0,1,0,0,0,0,0,0,0,0,0,0,0,0,0,0,0,-1,0,0,0,0,0,0,0,0,0,0,0,0,0/32:0,0,0,0,1,0,0,0,0,0,0,0,0,0,0,0,0,0,0,0,-1,0,0,0,0,0,0,0,0,0,0,0/32:0,0,0,0,0,0,1,0,0,0,0,0,0,0,0,0,0,0,0,0,0,0,-1,0,0,0,0,0,0,0,0,0/32:0,0,0,0,0,0,0,0,1,0,0,0,0,0,0,0,0,0,0,0,0,0,0,0,-1,0,0,0,0,0,0,0/32:0,0,0,0,0,0,0,0,0,0,1,0,0,0,0,0,0,0,0,0,0,0,0,0,0,0,-1,0,0,0,0,0/32:0,0,0,0,0,0,0,0,0,0,0,0,1,0,0,0,0,0,0,0,0,0,0,0,0,0,0,0,-1,0,0,0/32:0,0,0,0,0,0,0,0,0,0,0,0,0,0,1,0,0,0,0,0,0,0,0,0,0,0,0,0,0,0,-1,0/32:1,1,0,0,0,0,0,0,-1,-1,0,0,0,0,0,0,0,0,0,0,0,0,0,0,0,0,0,0,0,0,0,0/32:0,0,1,1,0,0,0,0,0,0,-1,-1,0,0,0,0,0,0,0,0,0,0,0,0,0,0,0,0,0,0,0,0/32:0,0,0,0,1,1,0,0,0,0,0,0,-1,-1,0,0,0,0,0,0,0,0,0,0,0,0,0,0,0,0,0,0/32:0,0,0,0,0,0,1,1,0,0,0,0,0,0,-1,-1,0,0,0,0,0,0,0,0,0,0,0,0,0,0,0,0/32:0,0,0,0,0,0,0,0,0,0,0,0,0,0,0,0,1,0,0,0,0,0,0,0,-1,0,0,0,0,0,0,0/32:0,0,0,0,0,0,0,0,0,0,0,0,0,0,0,0,0,0,1,0,0,0,0,0,0,0,-1,0,0,0,0,0/32:0,0,0,0,0,0,0,0,0,0,0,0,0,0,0,0,0,0,0,0,1,0,0,0,0,0,0,0,-1,0,0,0/32:0,0,0,0,0,0,0,0,0,0,0,0,0,0,0,0,0,0,0,0,0,0,1,0,0,0,0,0,0,0,-1,0/32:0,1,0,0,0,-1,0,0,0,0,0,0,0,0,0,0,0,0,0,0,0,0,0,0,0,0,0,0,0,0,0,0/32:0,0,0,1,0,0,0,-1,0,0,0,0,0,0,0,0,0,0,0,0,0,0,0,0,0,0,0,0,0,0,0,0/32:0,0,0,0,0,0,0,0,2,1,0,0,-2,-1,0,0,0,0,0,0,0,0,0,0,0,0,0,0,0,0,0,0/32:0,0,0,0,0,0,0,0,0,0,2,1,0,0,-2,-1,0,0,0,0,0,0,0,0,0,0,0,0,0,0,0,0/32:0,0,0,0,0,0,0,0,0,0,0,0,0,0,0,0,1,3,0,0,-1,-3,0,0,0,0,0,0,0,0,0,0/32:0,0,0,0,0,0,0,0,0,0,0,0,0,0,0,0,0,0,1,3,0,0,-1,-3,0,0,0,0,0,0,0,0/32:0,0,0,0,0,0,0,0,0,0,0,0,0,0,0,0,0,0,0,0,0,0,0,0,1,2,0,0,-1,-2,0,0/32:0,0,0,0,0,0,0,0,0,0,0,0,0,0,0,0,0,0,0,0,0,0,0,0,0,0,1,2,0,0,-1,-2/32:1,1,-1,-1,0,0,0,0,0,0,0,0,0,0,0,0,0,0,0,0,0,0,0,0,0,0,0,0,0,0,0,0/32:0,0,0,0,0,1,0,-1,0,0,0,0,0,0,0,0,0,0,0,0,0,0,0,0,0,0,0,0,0,0,0,0/32:0,0,0,0,0,0,0,0,1,1,-1,-1,0,0,0,0,0,0,0,0,0,0,0,0,0,0,0,0,0,0,0,0/32:0,0,0,0,0,0,0,0,0,0,0,0,0,0,0,0,1,-2,-1,2,0,0,0,0,0,0,0,0,0,0,0,0/32:0,0,0,0,0,0,0,0,0,0,0,0,0,0,0,0,0,0,0,0,2,1,-2,-1,0,0,0,0,0,0,0,0/32:0,0,0,0,0,0,0,0,0,0,0,0,0,0,0,0,0,0,0,0,0,0,0,0,1,3,-1,-3,0,0,0,0/32:0,0,0,0,0,0,0,0,0,0,0,0,0,0,0,0,0,0,0,0,0,0,0,0,0,0,0,0,1,-2,-1,2|F:0,1,2,3,4,5,6,7,12,13,14,15
16|2147483647|0,1,2,3,4,5,6,7,12,13,14,15|32:1,0,0,0,0,0,0,0,0,0,0,0,0,0,0,0,-1,0,0,0,0,0,0,0,0,0,0,0,0,0,0,0/32:0,0,1,0,0,0,0,0,0,0,0,0,0,0,0,0,0,0,-1,0,0,0,0,0,0,0,0,0,0,0,0,0/32:0,0,0,0,1,0,0,0,0,0,0,0,0,0,0,0,0,0,0,0,-1,0,0,0,0,0,0,0,0,0,0,0/32:0,0,0,0,0,0,1,0,0,0,0,0,0,0,0,0,0,0,0,0,0,0,-1,0,0,0,0,0,0,0,0,0/32:0,0,0,0,0,0,0,0,1,0,0,0,0,0,0,0,0,0,0,0,0,0,0,0,-1,0,0,0,0,0,0,0/32:0,0,0,0,0,0,0,0,0,0,1,0,0,0,0,0,0,0,0,0,0,0,0,0,0,0,-1,0,0,0,0,0/32:0,0,0,0,0,0,0,0,0,0,0,0,1,0,0,0,0,0,0,0,0,0,0,0,0,0,0,0,-1,0,0,0/32:0,0,0,0,0,0,0,0,0,0,0,0,0,0,1,0,0,0,0,0,0,0,0,0,0,0,0,0,0,0,-1,0/32:1,1,0,0,0,0,0,0,-1,-1,0,0,0,0,0,0,0,0,0,0,0,0,0,0,0,0,0,0,0,0,0,0/32:0,0,1,1,0,0,0,0,0,0,-1,-1,0,0,0,0,0,0,0,0,0,0,0,0,0,0,0,0,0,0,0,0/32:0,0,0,0,1,1,0,0,0,0,0,0,-1,-1,0,0,0,0,0,0,0,0,0,0,0,0,0,0,0,0,0,0/32:0,0,0,0,0,0,1,1,0,0,0,0,0,0,-1,-1,0,0,0,0,0,0,0,0,0,0,0,0,0,0,0,0/32:0,0,0,0,0,0,0,0,0,0,0,0,0,0,0,0,1,0,0,0,0,0,0,0,-1,0,0,0,0,0,0,0/32:0,0,0,0,0,0,0,0,0,0,0,0,0,0,0,0,0,0,1,0,0,0,0,0,0,0,-1,0,0,0,0,0/32:0,0,0,0,0,0,0,0,0,0,0,0,0,0,0,0,0,0,0,0,1,0,0,0,0,0,0,0,-1,0,0,0/32:0,0,0,0,0,0,0,0,0,0,0,0,0,0,0,0,0,0,0,0,0,0,1,0,0,0,0,0,0,0,-1,0/32:0,1,0,0,0,-1,0,0,0,0,0,0,0,0,0,0,0,0,0,0,0,0,0,0,0,0,0,0,0,0,0,0/32:0,0,0,1,0,0,0,-1,0,0,0,0,0,0,0,0,0,0,0,0,0,0,0,0,0,0,0,0,0,0,0,0/32:0,0,0,0,0,0,0,0,2,1,0,0,-2,-1,0,0,0,0,0,0,0,0,0,0,0,0,0,0,0,0,0,0/32:0,0,0,0,0,0,0,0,0,0,2,1,0,0,-2,-1,0,0,0,0,0,0,0,0,0,0,0,0,0,0,0,0/32:0,0,0,0,0,0,0,0,0,0,0,0,0,0,0,0,1,3,0,0,-1,-3,0,0,0,0,0,0,0,0,0,0/32:0,0,0,0,0,0,0,0,0,0,0,0,0,0,0,0,0,0,1,3,0,0,-1,-3,0,0,0,0,0,0,0,0/32:0,0,0,0,0,0,0,0,0,0,0,0,0,0,0,0,0,0,0,0,0,0,0,0,1,2,0,0,-1,-2,0,0/32:0,0,0,0,0,0,0,0,0,0,0,0,0,0,0,0,0,0,0,0,0,0,0,0,0,0,1,2,0,0,-1,-2/32:1,1,-1,-1,0,0,0,0,0,0,0,0,0,0,0,0,0,0,0,0,0,0,0,0,0,0,0,0,0,0,0,0/32:0,0,0,0,0,1,0,-1,0,0,0,0,0,0,0,0,0,0,0,0,0,0,0,0,0,0,0,0,0,0,0,0/32:0,0,0,0,0,0,0,0,1,1,-1,-1,0,0,0,0,0,0,0,0,0,0,0,0,0,0,0,0,0,0,0,0/32:0,0,0,0,0,0,0,0,0,0,0,0,0,0,0,0,1,-2,-1,2,0,0,0,0,0,0,0,0,0,0,0,0/32:0,0,0,0,0,0,0,0,0,0,0,0,0,0,0,0,0,0,0,0,2,1,-2,-1,0,0,0,0,0,0,0,0/32:0,0,0,0,0,0,0,0,0,0,0,0,0,0,0,0,0,0,0,0,0,0,0,0,1,3,-1,-3,0,0,0,0/32:0,0,0,0,0,0,0,0,0,0,0,0,0,0,0,0,0,0,0,0,0,0,0,0,0,0,0,0,1,-2,-1,2/32:0,0,0,0,0,0,0,0,0,0,0,0,1,2,0,0,0,0,0,0,0,0,0,0,0,0,0,0,0,0,0,0|F:0,1,2,3,4,5,6,7,12,13,14,15
4|2147483647|1,2,3|8:1,2,-1,-2,0,0,0,0/8:0,0,3,1,-3,-1,0,0/8:0,0,0,0,1,2,-1,-2|F:1,2,3
4|2147483647|1,2,3|8:1,2,-1,-2,0,0,0,0/8:0,0,3,1,-3,-1,0,0/8:0,0,0,0,1,2,-1,-2/8:0,0,1,2,0,0,0,0|F:1,2,3
8|2147483647||16:2,1,0,0,0,0,0,0,-2,-1,0,0,0,0,0,0/16:0,0,2,1,0,0,0,0,0,0,-2,-1,0,0,0,0/16:0,0,0,0,2,1,0,0,0,0,0,0,-2,-1,0,0/16:0,0,0,0,0,0,2,1,0,0,0,0,0,0,-2,-1/16:0,0,1,3,-1,-3,0,0,0,0,0,0,0,0,0,0/16:0,0,0,0,2,1,-2,-1,0,0,0,0,0,0,0,0/16:0,0,0,0,0,0,0,0,1,1,-1,-1,0,0,0,0/16:0,0,0,0,0,0,0,0,0,0,1,2,-1,-2,0,0/16:0,0,0,0,0,0,0,0,0,0,0,0,0,1,0,-1|F:
8|2147483647||16:2,1,0,0,0,0,0,0,-2,-1,0,0,0,0,0,0/16:0,0,2,1,0,0,0,0,0,0,-2,-1,0,0,0,0/16:0,0,0,0,2,1,0,0,0,0,0,0,-2,-1,0,0/16:0,0,0,0,0,0,2,1,0,0,0,0,0,0,-2,-1/16:0,0,1,3,-1,-3,0,0,0,0,0,0,0,0,0,0/16:0,0,0,0,2,1,-2,-1,0,0,0,0,0,0,0,0/16:0,0,0,0,0,0,0,0,1,1,-1,-1,0,0,0,0/16:0,0,0,0,0,0,0,0,0,0,1,2,-1,-2,0,0/16:0,0,0,0,0,0,0,0,0,0,0,0,0,1,0,-1/16:0,0,0,0,0,0,3,1,0,0,0,0,0,0,0,0|F:
2|2147483647|0|4:1,0,-1,0|F:0
2|2147483647|0|4:1,0,-1,0/4:0,1,0,0|F:0
8|2147483647|5,6,7|16:3,1,0,0,0,0,0,0,-3,-1,0,0,0,0,0,0/16:0,0,3,1,0,0,0,0,0,0,-3,-1,0,0,0,0/16:0,0,0,0,3,1,0,0,0,0,0,0,-3,-1,0,0/16:0,0,0,0,0,0,3,1,0,0,0,0,0,0,-3,-1/16:0,0,0,0,0,0,0,0,1,2,0,0,-1,-2,0,0/16:0,0,0,0,0,0,0,0,0,0,1,2,0,0,-1,-2/16:1,0,-1,0,0,0,0,0,0,0,0,0,0,0,0,0/16:0,0,0,0,1,-2,-1,2,0,0,0,0,0,0,0,0/16:0,0,0,0,0,0,0,0,1,2,-1,-2,0,0,0,0/16:0,0,0,0,0,0,0,0,0,0,0,0,1,2,-1,-2|F:5,6,7
8|2147483647|5,6,7|16:3,1,0,0,0,0,0,0,-3,-1,0,0,0,0,0,0/16:0,0,3,1,0,0,0,0,0,0,-3,-1,0,0,0,0/16:0,0,0,0,3,1,0,0,0,0,0,0,-3,-1,0,0/16:0,0,0,0,0,0,3,1,0,0,0,0,0,0,-3,-1/16:0,0,0,0,0,0,0,0,1,2,0,0,-1,-2,0,0/16:0,0,0,0,0,0,0,0,0,0,1,2,0,0,-1,-2/16:1,0,-1,0,0,0,0,0,0,0,0,0,0,0,0,0/16:0,0,0,0,1,-2,-1,2,0,0,0,0,0,0,0,0/16:0,0,0,0,0,0,0,0,1,2,-1,-2,0,0,0,0/16:0,0,0,0,0,0,0,0,0,0,0,0,1,2,-1,-2/16:0,0,3,1,0,0,0,0,0,0,0,0,0,0,0,0|F:5,6,7
8|2147483647||16:1,-2,0,0,0,0,0,0,-1,2,0,0,0,0,0,0/16:0,0,1,-2,0,0,0,0,0,0,-1,2,0,0,0,0/16:0,0,0,0,1,-2,0,0,0,0,0,0,-1,2,0,0/16:0,0,0,0,0,0,1,-2,0,0,0,0,0,0,-1,2/16:1,1,0,0,-1,-1,0,0,0,0,0,0,0,0,0,0/16:0,0,1,1,0,0,-1,-1,0,0,0,0,0,0,0,0/16:0,0,0,0,0,0,0,0,0,1,0,0,0,-1,0,0/16:0,0,0,0,0,0,0,0,0,0,0,1,0,0,0,-1/16:1,-2,-1,2,0,0,0,0,0,0,0,0,0,0,0,0/16:0,0,0,0,0,1,0,-1,0,0,0,0,0,0,0,0/16:0,0,0,0,0,0,0,0,0,1,0,-1,0,0,0,0/16:0,0,0,0,0,0,0,0,0,0,0,0,1,2,-1,-2|F:
8|2147483647||16:1,-2,0,0,0,0,0,0,-1,2,0,0,0,0,0,0/16:0,0,1,-2,0,0,0,0,0,0,-1,2,0,0,0,0/16:0,0,0,0,1,-2,0,0,0,0,0,0,-1,2,0,0/16:0,0,0,0,0,0,1,-2,0,0,0,0,0,0,-1,2/16:1,1,0,0,-1,-1,0,0,0,0,0,0,0,0,0,0/16:0,0,1,1,0,0,-1,-1,0,0,0,0,0,0,0,0/16:0,0,0,0,0,0,0,0,0,1,0,0,0,-1,0,0/16:0,0,0,0,0,0,0,0,0,0,0,1,0,0,0,-1/16:1,-2,-1,2,0,0,0,0,0,0,0,0,0,0,0,0/16:0,0,0,0,0,1,0,-1,0,0,0,0,0,0,0,0/16:0,0,0,0,0,0,0,0,0,1,0,-1,0,0,0,0/16:0,0,0,0,0,0,0,0,0,0,0,0,1,2,-1,-2/16:0,0,3,1,0,0,0,0,0,0,0,0,0,0,0,0|F:
8|2147483647|4,5|16:1,-2,0,0,0,0,0,0,-1,2,0,0,0,0,0,0/16:0,0,1,-2,0,0,0,0,0,0,-1,2,0,0,0,0/16:0,0,0,0,1,-2,0,0,0,0,0,0,-1,2,0,0/16:0,0,0,0,0,0,1,-2,0,0,0,0,0,0,-1,2/16:1,2,-1,-2,0,0,0,0,0,0,0,0,0,0,0,0/16:0,0,1,1,-1,-1,0,0,0,0,0,0,0,0,0,0/16:0,0,0,0,1,3,-1,-3,0,0,0,0,0,0,0,0/16:0,0,0,0,0,0,0,0,1,3,-1,-3,0,0,0,0/16:0,0,0,0,0,0,0,0,0,0,0,1,0,-1,0,0/16:0,0,0,0,0,0,0,0,0,0,0,0,1,0,-1,0|F:4,5
8|2147483647|4,5|16:1,-2,0,0,0,0,0,0,-1,2,0,0,0,0,0,0/16:0,0,1,-2,0,0,0,0,0,0,-1,2,0,0,0,0/16:0,0,0,0,1,-2,0,0,0,0,0,0,-1,2,0,0/16:0,0,0,0,0,0,1,-2,0,0,0,0,0,0,-1,2/16:1,2,-1,-2,0,0,0,0,0,0,0,0,0,0,0,0/16:0,0,1,1,-1,-1,0,0,0,0,0,0,0,0,0,0/16:0,0,0,0,1,3,-1,-3,0,0,0,0,0,0,0,0/16:0,0,0,0,0,0,0,0,1,3,-1,-3,0,0,0,0/16:0,0,0,0,0,0,0,0,0,0,0,1,0,-1,0,0/16:0,0,0,0,0,0,0,0,0,0,0,0,1,0,-1,0/16:0,0,0,0,0,0,0,0,0,0,0,0,1,2,0,0|F:4,5,6
6|2147483647|1,3|12:1,1,0,0,-1,-1,0,0,0,0,0,0/12:0,0,1,1,0,0,-1,-1,0,0,0,0/12:0,0,0,0,1,-2,0,0,-1,2,0,0/12:0,0,0,0,0,0,1,-2,0,0,-1,2/12:1,1,-1,-1,0,0,0,0,0,0,0,0/12:0,0,0,0,2,1,-2,-1,0,0,0,0/12:0,0,0,0,0,0,0,0,1,1,-1,-1|F:1,2,3
6|2147483647|1,2,3|12:1,1,0,0,-1,-1,0,0,0,0,0,0/12:0,0,1,1,0,0,-1,-1,0,0,0,0/12:0,0,0,0,1,-2,0,0,-1,2,0,0/12:0,0,0,0,0,0,1,-2,0,0,-1,2/12:1,1,-1,-1,0,0,0,0,0,0,0,0/12:0,0,0,0,2,1,-2,-1,0,0,0,0/12:0,0,0,0,0,0,0,0,1,1,-1,-1/12:0,0,0,0,0,0,0,0,0,0,1,-2|F:1,2,3
2|2147483647|0,1|4:0,1,0,-1|T:0,1
4|2147483647|0,2|8:1,3,0,0,-1,-3,0,0/8:0,0,1,3,0,0,-1,-3/8:0,0,0,0,1,0,-1,0|F:0,2
4|2147483647|0,2|8:1,3,0,0,-1,-3,0,0/8:0,0,1,3,0,0,-1,-3/8:0,0,0,0,1,0,-1,0/8:1,0,0,0,0,0,0,0|F:0,2
6|2147483647||12:1,-2,0,0,-1,2,0,0,0,0,0,0/12:0,0,1,-2,0,0,-1,2,0,0,0,0/12:1,2,-1,-2,0,0,0,0,0,0,0,0/12:0,0,0,0,1,0,-1,0,0,0,0,0/12:0,0,0,0,0,0,0,0,3,1,-3,-1|F:
6|2147483647||12:1,-2,0,0,-1,2,0,0,0,0,0,0/12:0,0,1,-2,0,0,-1,2,0,0,0,0/12:1,2,-1,-2,0,0,0,0,0,0,0,0/12:0,0,0,0,1,0,-1,0,0,0,0,0/12:0,0,0,0,0,0,0,0,3,1,-3,-1/12:0,0,1,2,0,0,0,0,0,0,0,0|F:
2|2147483647||4:1,2,-1,-2|F:
2|2147483647||4:1,2,-1,-2/4:1,3,0,0|F:
4|2147483647|2,3|8:0,1,0,-1,0,0,0,0/8:0,0,1,0,-1,0,0,0/8:0,0,0,0,0,1,0,-1|F:2,3
4|2147483647|2,3|8:0,1,0,-1,0,0,0,0/8:0,0,1,0,-1,0,0,0/8:0,0,0,0,0,1,0,-1/8:0,0,0,0,0,0,1,3|F:2,3
2|2147483647|0,1|4:3,1,-3,-1|T:0,1
2|2147483647|0|4:2,1,-2,-1|F:0
2|2147483647|0|4:2,1,-2,-1/4:0,1,0,0|F:0
6|2147483647||12:2,1,0,0,0,0,-2,-1,0,0,0,0/12:0,0,2,1,0,0,0,0,-2,-1,0,0/12:0,0,0,0,2,1,0,0,0,0,-2,-1/12:1,3,-1,-3,0,0,0,0,0,0,0,0/12:0,0,1,-2,-1,2,0,0,0,0,0,0/12:0,0,0,0,0,0,2,1,-2,-1,0,0/12:0,0,0,0,0,0,0,0,1,1,-1,-1|F:
6|2147483647||12:2,1,0,0,0,0,-2,-1,0,0,0,0/12:0,0,2,1,0,0,0,0,-2,-1,0,0/12:0,0,0,0,2,1,0,0,0,0,-2,-1/12:1,3,-1,-3,0,0,0,0,0,0,0,0/12:0,0,1,-2,-1,2,0,0,0,0,0,0/12:0,0,0,0,0,0,2,1,-2,-1,0,0/12:0,0,0,0,0,0,0,0,1,1,-1,-1/12:0,0,0,0,0,0,1,1,0,0,0,0|F:
6|2147483647|4|12:1,-2,0,0,0,0,-1,2,0,0,0,0/12:0,0,1,-2,0,0,0,0,-1,2,0,0/12:0,0,0,0,1,-2,0,0,0,0,-1,2/12:1,0,-1,0,0,0,0,0,0,0,0,0/12:0,0,1,-2,-1,2,0,0,0,0,0,0/12:0,0,0,0,0,0,1,1,-1,-1,0,0/12:0,0,0,0,0,0,0,0,3,1,-3,-1|F:4,5
6|2147483647|4,5|12:1,-2,0,0,0,0,-1,2,0,0,0,0/12:0,0,1,-2,0,0,0,0,-1,2,0,0/12:0,0,0,0,1,-2,0,0,0,0,-1,2/12:1,0,-1,0,0,0,0,0,0,0,0,0/12:0,0,1,-2,-1,2,0,0,0,0,0,0/12:0,0,0,0,0,0,1,1,-1,-1,0,0/12:0,0,0,0,0,0,0,0,3,1,-3,-1/12:0,1,0,0,0,0,0,0,0,0,0,0|F:4,5
8|2147483647||16:2,1,0,0,0,0,0,0,-2,-1,0,0,0,0,0,0/16:0,0,2,1,0,0,0,0,0,0,-2,-1,0,0,0,0/16:0,0,0,0,2,1,0,0,0,0,0,0,-2,-1,0,0/16:0,0,0,0,0,0,2,1,0,0,0,0,0,0,-2,-1/16:2,1,-2,-1,0,0,0,0,0,0,0,0,0,0,0,0/16:0,0,1,-2,-1,2,0,0,0,0,0,0,0,0,0,0/16:0,0,0,0,1,1,-1,-1,0,0,0,0,0,0,0,0/16:0,0,0,0,0,0,0,0,1,2,-1,-2,0,0,0,0/16:0,0,0,0,0,0,0,0,0,0,1,3,-1,-3,0,0/16:0,0,0,0,0,0,0,0,0,0,0,0,1,1,-1,-1|F:
8|2147483647||16:2,1,0,0,0,0,0,0,-2,-1,0,0,0,0,0,0/16:0,0,2,1,0,0,0,0,0,0,-2,-1,0,0,0,0/16:0,0,0,0,2,1,0,0,0,0,0,0,-2,-1,0,0/16:0,0,0,0,0,0,2,1,0,0,0,0,0,0,-2,-1/16:2,1,-2,-1,0,0,0,0,0,0,0,0,0,0,0,0/16:0,0,1,-2,-1,2,0,0,0,0,0,0,0,0,0,0/16:0,0,0,0,1,1,-1,-1,0,0,0,0,0,0,0,0/16:0,0,0,0,0,0,0,0,1,2,-1,-2,0,0,0,0/16:0,0,0,0,0,0,0,0,0,0,1,3,-1,-3,0,0/16:0,0,0,0,0,0,0,0,0,0,0,0,1,1,-1,-1/16:0,0,0,0,0,1,0,0,0,0,0,0,0,0,0,0|F:
8|2147483647|3|16:0,1,0,0,0,0,0,0,0,-1,0,0,0,0,0,0/16:0,0,0,1,0,0,0,0,0,0,0,-1,0,0,0,0/16:0,0,0,0,0,1,0,0,0,0,0,0,0,-1,0,0/16:0,0,0,0,0,0,0,1,0,0,0,0,0,0,0,-1/16:0,0,2,1,-2,-1,0,0,0,0,0,0,0,0,0,0/16:0,0,0,0,2,1,-2,-1,0,0,0,0,0,0,0,0/16:0,0,0,0,0,0,0,0,1,-2,-1,2,0,0,0,0/16:0,0,0,0,0,0,0,0,0,0,2,1,-2,-1,0,0/16:0,0,0,0,0,0,0,0,0,0,0,0,0,1,0,-1|F:2,3
8|2147483647|2,3|16:0,1,0,0,0,0,0,0,0,-1,0,0,0,0,0,0/16:0,0,0,1,0,0,0,0,0,0,0,-1,0,0,0,0/16:0,0,0,0,0,1,0,0,0,0,0,0,0,-1,0,0/16:0,0,0,0,0,0,0,1,0,0,0,0,0,0,0,-1/16:0,0,2,1,-2,-1,0,0,0,0,0,0,0,0,0,0/16:0,0,0,0,2,1,-2,-1,0,0,0,0,0,0,0,0/16:0,0,0,0,0,0,0,0,1,-2,-1,2,0,0,0,0/16:0,0,0,0,0,0,0,0,0,0,2,1,-2,-1,0,0/16:0,0,0,0,0,0,0,0,0,0,0,0,0,1,0,-1/16:0,0,0,0,0,0,0,0,0,0,0,0,1,0,0,0|F:2,3,6
16|2147483647|13|32:1,0,0,0,0,0,0,0,0,0,0,0,0,0,0,0,-1,0,0,0,0,0,0,0,0,0,0,0,0,0,0,0/32:0,0,1,0,0,0,0,0,0,0,0,0,0,0,0,0,0,0,-1,0,0,0,0,0,0,0,0,0,0,0,0,0/32:0,0,0,0,1,0,0,0,0,0,0,0,0,0,0,0,0,0,0,0,-1,0,0,0,0,0,0,0,0,0,0,0/32:0,0,0,0,0,0,1,0,0,0,0,0,0,0,0,0,0,0,0,0,0,0,-1,0,0,0,0,0,0,0,0,0/32:0,0,0,0,0,0,0,0,1,0,0,0,0,0,0,0,0,0,0,0,0,0,0,0,-1,0,0,0,0,0,0,0/32:0,0,0,0,0,0,0,0,0,0,1,0,0,0,0,0,0,0,0,0,0,0,0,0,0,0,-1,0,0,0,0,0/32:0,0,0,0,0,0,0,0,0,0,0,0,1,0,0,0,0,0,0,0,0,0,0,0,0,0,0,0,-1,0,0,0/32:0,0,0,0,0,0,0,0,0,0,0,0,0,0,1,0,0,0,0,0,0,0,0,0,0,0,0,0,0,0,-1,0/32:0,0,0,0,0,0,0,0,0,0,0,0,0,0,0,0,1,0,0,0,0,0,0,0,-1,0,0,0,0,0,0,0/32:0,0,0,0,0,0,0,0,0,0,0,0,0,0,0,0,0,0,1,0,0,0,0,0,0,0,-1,0,0,0,0,0/32:0,0,0,0,0,0,0,0,0,0,0,0,0,0,0,0,0,0,0,0,1,0,0,0,0,0,0,0,-1,0,0,0/32:0,0,0,0,0,0,0,0,0,0,0,0,0,0,0,0,0,0,0,0,0,0,1,0,0,0,0,0,0,0,-1,0/32:3,1,0,0,-3,-1,0,0,0,0,0,0,0,0,0,0,0,0,0,0,0,0,0,0,0,0,0,0,0,0,0,0/32:0,0,3,1,0,0,-3,-1,0,0,0,0,0,0,0,0,0,0,0,0,0,0,0,0,0,0,0,0,0,0,0,0/32:0,0,0,0,0,0,0,0,1,2,0,0,-1,-2,0,0,0,0,0,0,0,0,0,0,0,0,0,0,0,0,0,0/32:0,0,0,0,0,0,0,0,0,0,1,2,0,0,-1,-2,0,0,0,0,0,0,0,0,0,0,0,0,0,0,0,0/32:0,0,0,0,0,0,0,0,0,0,0,0,0,0,0,0,3,1,0,0,-3,-1,0,0,0,0,0,0,0,0,0,0/32:0,0,0,0,0,0,0,0,0,0,0,0,0,0,0,0,0,0,3,1,0,0,-3,-1,0,0,0,0,0,0,0,0/32:0,0,0,0,0,0,0,0,0,0,0,0,0,0,0,0,0,0,0,0,0,0,0,0,3,1,0,0,-3,-1,0,0/32:0,0,0,0,0,0,0,0,0,0,0,0,0,0,0,0,0,0,0,0,0,0,0,0,0,0,3,1,0,0,-3,-1/32:1,1,-1,-1,0,0,0,0,0,0,0,0,0,0,0,0,0,0,0,0,0,0,0,0,0,0,0,0,0,0,0,0/32:0,0,0,0,1,-2,-1,2,0,0,0,0,0,0,0,0,0,0,0,0,0,0,0,0,0,0,0,0,0,0,0,0/32:0,0,0,0,0,0,0,0,0,1,0,-1,0,0,0,0,0,0,0,0,0,0,0,0,0,0,0,0,0,0,0,0/32:0,0,0,0,0,0,0,0,0,0,0,0,0,0,0,0,0,0,0,0,0,1,0,-1,0,0,0,0,0,0,0,0/32:0,0,0,0,0,0,0,0,0,0,0,0,0,0,0,0,0,0,0,0,0,0,0,0,1,1,-1,-1,0,0,0,0/32:0,0,0,0,0,0,0,0,0,0,0,0,0,0,0,0,0,0,0,0,0,0,0,0,0,0,0,0,2,1,-2,-1|F:12,13
16|2147483647|12,13|32:1,0,0,0,0,0,0,0,0,0,0,0,0,0,0,0,-1,0,0,0,0,0,0,0,0,0,0,0,0,0,0,0/32:0,0,1,0,0,0,0,0,0,0,0,0,0,0,0,0,0,0,-1,0,0,0,0,0,0,0,0,0,0,0,0,0/32:0,0,0,0,1,0,0,0,0,0,0,0,0,0,0,0,0,0,0,0,-1,0,0,0,0,0,0,0,0,0,0,0/32:0,0,0,0,0,0,1,0,0,0,0,0,0,0,0,0,0,0,0,0,0,0,-1,0,0,0,0,0,0,0,0,0/32:0,0,0,0,0,0,0,0,1,0,0,0,0,0,0,0,0,0,0,0,0,0,0,0,-1,0,0,0,0,0,0,0/32:0,0,0,0,0,0,0,0,0,0,1,0,0,0,0,0,0,0,0,0,0,0,0,0,0,0,-1,0,0,0,0,0/32:0,0,0,0,0,0,0,0,0,0,0,0,1,0,0,0,0,0,0,0,0,0,0,0,0,0,0,0,-1,0,0,0/32:0,0,0,0,0,0,0,0,0,0,0,0,0,0,1,0,0,0,0,0,0,0,0,0,0,0,0,0,0,0,-1,0/32:0,0,0,0,0,0,0,0,0,0,0,0,0,0,0,0,1,0,0,0,0,0,0,0,-1,0,0,0,0,0,0,0/32:0,0,0,0,0,0,0,0,0,0,0,0,0,0,0,0,0,0,1,0,0,0,0,0,0,0,-1,0,0,0,0,0/32:0,0,0,0,0,0,0,0,0,0,0,0,0,0,0,0,0,0,0,0,1,0,0,0,0,0,0,0,-1,0,0,0/32:0,0,0,0,0,0,0,0,0,0,0,0,0,0,0,0,0,0,0,0,0,0,1,0,0,0,0,0,0,0,-1,0/32:3,1,0,0,-3,-1,0,0,0,0,0,0,0,0,0,0,0,0,0,0,0,0,0,0,0,0,0,0,0,0,0,0/32:0,0,3,1,0,0,-3,-1,0,0,0,0,0,0,0,0,0,0,0,0,0,0,0,0,0,0,0,0,0,0,0,0/32:0,0,0,0,0,0,0,0,1,2,0,0,-1,-2,0,0,0,0,0,0,0,0,0,0,0,0,0,0,0,0,0,0/32:0,0,0,0,0,0,0,0,0,0,1,2,0,0,-1,-2,0,0,0,0,0,0,0,0,0,0,0,0,0,0,0,0/32:0,0,0,0,0,0,0,0,0,0,0,0,0,0,0,0,3,1,0,0,-3,-1,0,0,0,0,0,0,0,0,0,0/32:0,0,0,0,0,0,0,0,0,0,0,0,0,0,0,0,0,0,3,1,0,0,-3,-1,0,0,0,0,0,0,0,0/32:0,0,0,0,0,0,0,0,0,0,0,0,0,0,0,0,0,0,0,0,0,0,0,0,3,1,0,0,-3,-1,0,0/32:0,0,0,0,0,0,0,0,0,0,0,0,0,0,0,0,0,0,0,0,0,0,0,0,0,0,3,1,0,0,-3,-1/32:1,1,-1,-1,0,0,0,0,0,0,0,0,0,0,0,0,0,0,0,0,0,0,0,0,0,0,0,0,0,0,0,0/32:0,0,0,0,1,-2,-1,2,0,0,0,0,0,0,0,0,0,0,0,0,0,0,0,0,0,0,0,0,0,0,0,0/32:0,0,0,0,0,0,0,0,0,1,0,-1,0,0,0,0,0,0,0,0,0,0,0,0,0,0,0,0,0,0,0,0/32:0,0,0,0,0,0,0,0,0,0,0,0,0,0,0,0,0,0,0,0,0,1,0,-1,0,0,0,0,0,0,0,0/32:0,0,0,0,0,0,0,0,0,0,0,0,0,0,0,0,0,0,0,0,0,0,0,0,1,1,-1,-1,0,0,0,0/32:0,0,0,0,0,0,0,0,0,0,0,0,0,0,0,0,0,0,0,0,0,0,0,0,0,0,0,0,2,1,-2,-1/32:0,0,0,0,0,0,0,0,0,0,0,0,0,0,0,0,0,0,1,3,0,0,0,0,0,0,0,0,0,0,0,0|F:8,9,12,13
